name;timestamp;arousal;valence;liking
'Devel_HU_04';0.000000;-0.022247;0.024480;0.027305
'Devel_HU_04';0.100000;-0.022247;0.024480;0.027305
'Devel_HU_04';0.200000;-0.022247;0.024480;0.017241
'Devel_HU_04';0.300000;-0.022247;0.024480;0.018825
'Devel_HU_04';0.400000;-0.027163;0.024480;0.020788
'Devel_HU_04';0.500000;-0.032903;0.024480;0.021525
'Devel_HU_04';0.600000;-0.038668;0.024278;0.017882
'Devel_HU_04';0.700000;-0.037689;0.021923;0.012299
'Devel_HU_04';0.800000;-0.039788;0.013597;0.007571
'Devel_HU_04';0.900000;-0.044413;0.008817;0.004720
'Devel_HU_04';1.000000;-0.044573;0.000241;0.006181
'Devel_HU_04';1.100000;-0.043864;-0.005810;0.006986
'Devel_HU_04';1.200000;-0.047960;-0.011746;0.007450
'Devel_HU_04';1.300000;-0.055571;-0.013572;0.005293
'Devel_HU_04';1.400000;-0.062727;-0.010109;0.003580
'Devel_HU_04';1.500000;-0.058078;-0.010448;0.002956
'Devel_HU_04';1.600000;-0.034080;-0.007050;0.000891
'Devel_HU_04';1.700000;-0.032040;-0.002104;-0.003956
'Devel_HU_04';1.800000;-0.034226;-0.002937;-0.012315
'Devel_HU_04';1.900000;-0.032895;-0.002502;-0.010551
'Devel_HU_04';2.000000;-0.023850;-0.001746;-0.017202
'Devel_HU_04';2.100000;-0.022150;0.004514;-0.016218
'Devel_HU_04';2.200000;-0.028441;0.008757;-0.014094
'Devel_HU_04';2.300000;-0.032347;0.008551;-0.012646
'Devel_HU_04';2.400000;-0.028265;0.005609;-0.013413
'Devel_HU_04';2.500000;-0.023518;0.005261;-0.013447
'Devel_HU_04';2.600000;-0.016973;0.004742;-0.017052
'Devel_HU_04';2.700000;-0.011377;0.007304;-0.019748
'Devel_HU_04';2.800000;-0.011576;0.009367;-0.023251
'Devel_HU_04';2.900000;-0.009738;0.010513;-0.027864
'Devel_HU_04';3.000000;-0.012617;0.008977;-0.029895
'Devel_HU_04';3.100000;-0.016163;0.007313;-0.032648
'Devel_HU_04';3.200000;-0.017575;0.003744;-0.036996
'Devel_HU_04';3.300000;-0.018846;0.010138;-0.034407
'Devel_HU_04';3.400000;-0.020565;0.008849;-0.036446
'Devel_HU_04';3.500000;-0.007951;0.001258;-0.037913
'Devel_HU_04';3.600000;-0.009160;-0.012614;-0.037172
'Devel_HU_04';3.700000;-0.019653;-0.013141;-0.034989
'Devel_HU_04';3.800000;-0.019315;-0.018268;-0.038654
'Devel_HU_04';3.900000;-0.020219;-0.023155;-0.034765
'Devel_HU_04';4.000000;-0.016717;-0.031921;-0.028713
'Devel_HU_04';4.100000;-0.016058;-0.034114;-0.025008
'Devel_HU_04';4.200000;-0.015426;-0.028509;-0.022470
'Devel_HU_04';4.300000;-0.009721;-0.026489;-0.020173
'Devel_HU_04';4.400000;-0.004379;-0.023802;-0.021412
'Devel_HU_04';4.500000;0.004328;-0.025597;-0.026979
'Devel_HU_04';4.600000;0.008449;-0.024580;-0.026338
'Devel_HU_04';4.700000;0.023126;-0.021166;-0.024658
'Devel_HU_04';4.800000;0.039610;-0.016587;-0.019261
'Devel_HU_04';4.900000;0.048309;-0.004530;-0.016404
'Devel_HU_04';5.000000;0.059870;0.007783;-0.011229
'Devel_HU_04';5.100000;0.074180;0.020794;-0.002628
'Devel_HU_04';5.200000;0.090492;0.032474;0.003979
'Devel_HU_04';5.300000;0.104370;0.042260;0.004029
'Devel_HU_04';5.400000;0.115863;0.051880;0.006019
'Devel_HU_04';5.500000;0.131627;0.069929;0.008360
'Devel_HU_04';5.600000;0.146145;0.085224;0.008883
'Devel_HU_04';5.700000;0.158382;0.097744;0.008531
'Devel_HU_04';5.800000;0.161524;0.112275;0.015993
'Devel_HU_04';5.900000;0.164771;0.130745;0.019268
'Devel_HU_04';6.000000;0.163795;0.147827;0.029325
'Devel_HU_04';6.100000;0.159085;0.158080;0.036180
'Devel_HU_04';6.200000;0.152252;0.169185;0.037910
'Devel_HU_04';6.300000;0.147797;0.173428;0.035127
'Devel_HU_04';6.400000;0.149730;0.176692;0.036010
'Devel_HU_04';6.500000;0.142800;0.176302;0.036805
'Devel_HU_04';6.600000;0.142544;0.168991;0.037541
'Devel_HU_04';6.700000;0.145119;0.164238;0.034736
'Devel_HU_04';6.800000;0.146945;0.165188;0.032173
'Devel_HU_04';6.900000;0.153185;0.168528;0.029459
'Devel_HU_04';7.000000;0.155421;0.164272;0.027431
'Devel_HU_04';7.100000;0.162506;0.153224;0.028287
'Devel_HU_04';7.200000;0.168137;0.159760;0.026880
'Devel_HU_04';7.300000;0.169476;0.161614;0.026565
'Devel_HU_04';7.400000;0.176472;0.167272;0.027059
'Devel_HU_04';7.500000;0.175034;0.166634;0.027075
'Devel_HU_04';7.600000;0.170607;0.166414;0.027660
'Devel_HU_04';7.700000;0.171192;0.172277;0.028172
'Devel_HU_04';7.800000;0.174488;0.178567;0.031517
'Devel_HU_04';7.900000;0.183678;0.183251;0.035149
'Devel_HU_04';8.000000;0.191569;0.187230;0.038219
'Devel_HU_04';8.100000;0.192006;0.189996;0.038959
'Devel_HU_04';8.200000;0.189466;0.188290;0.034137
'Devel_HU_04';8.300000;0.187222;0.193097;0.035114
'Devel_HU_04';8.400000;0.183360;0.196006;0.041615
'Devel_HU_04';8.500000;0.176156;0.198544;0.044012
'Devel_HU_04';8.600000;0.169964;0.203607;0.047893
'Devel_HU_04';8.700000;0.166240;0.200991;0.047605
'Devel_HU_04';8.800000;0.164749;0.200199;0.047003
'Devel_HU_04';8.900000;0.155540;0.197742;0.042605
'Devel_HU_04';9.000000;0.152326;0.193948;0.040307
'Devel_HU_04';9.100000;0.149758;0.188224;0.035519
'Devel_HU_04';9.200000;0.144167;0.179613;0.031045
'Devel_HU_04';9.300000;0.141654;0.174264;0.027011
'Devel_HU_04';9.400000;0.138925;0.169825;0.022198
'Devel_HU_04';9.500000;0.143378;0.163157;0.020622
'Devel_HU_04';9.600000;0.144207;0.163497;0.024540
'Devel_HU_04';9.700000;0.146013;0.173298;0.023371
'Devel_HU_04';9.800000;0.152031;0.161324;0.020806
'Devel_HU_04';9.900000;0.152279;0.157816;0.014719
'Devel_HU_04';10.000000;0.149488;0.155316;0.006488
'Devel_HU_04';10.100000;0.146399;0.155443;0.006428
'Devel_HU_04';10.200000;0.143495;0.159472;0.011183
'Devel_HU_04';10.300000;0.142342;0.153577;0.011492
'Devel_HU_04';10.400000;0.135769;0.154529;0.016497
'Devel_HU_04';10.500000;0.131576;0.157927;0.017821
'Devel_HU_04';10.600000;0.125698;0.152392;0.019523
'Devel_HU_04';10.700000;0.123460;0.143812;0.017851
'Devel_HU_04';10.800000;0.116255;0.142015;0.018610
'Devel_HU_04';10.900000;0.110567;0.138535;0.018251
'Devel_HU_04';11.000000;0.103104;0.138231;0.020116
'Devel_HU_04';11.100000;0.091568;0.135021;0.020137
'Devel_HU_04';11.200000;0.085704;0.134870;0.023051
'Devel_HU_04';11.300000;0.087236;0.131689;0.023309
'Devel_HU_04';11.400000;0.090900;0.131263;0.027328
'Devel_HU_04';11.500000;0.090605;0.131331;0.028270
'Devel_HU_04';11.600000;0.089949;0.126209;0.032878
'Devel_HU_04';11.700000;0.090846;0.119595;0.038806
'Devel_HU_04';11.800000;0.093445;0.131768;0.038724
'Devel_HU_04';11.900000;0.097742;0.122594;0.031479
'Devel_HU_04';12.000000;0.101522;0.126224;0.032357
'Devel_HU_04';12.100000;0.107140;0.125743;0.029524
'Devel_HU_04';12.200000;0.111421;0.126045;0.032091
'Devel_HU_04';12.300000;0.111213;0.132066;0.033070
'Devel_HU_04';12.400000;0.107999;0.135206;0.031593
'Devel_HU_04';12.500000;0.104422;0.141164;0.036411
'Devel_HU_04';12.600000;0.102083;0.137794;0.039873
'Devel_HU_04';12.700000;0.097291;0.139492;0.039278
'Devel_HU_04';12.800000;0.098614;0.134972;0.035871
'Devel_HU_04';12.900000;0.099568;0.132893;0.038833
'Devel_HU_04';13.000000;0.099848;0.131073;0.040713
'Devel_HU_04';13.100000;0.101202;0.133018;0.041843
'Devel_HU_04';13.200000;0.100128;0.133348;0.042462
'Devel_HU_04';13.300000;0.100393;0.138911;0.044553
'Devel_HU_04';13.400000;0.095566;0.140942;0.045922
'Devel_HU_04';13.500000;0.097602;0.136182;0.046104
'Devel_HU_04';13.600000;0.098483;0.129796;0.044040
'Devel_HU_04';13.700000;0.095753;0.127005;0.043901
'Devel_HU_04';13.800000;0.089812;0.121481;0.044969
'Devel_HU_04';13.900000;0.092009;0.121793;0.041566
'Devel_HU_04';14.000000;0.084758;0.110854;0.041766
'Devel_HU_04';14.100000;0.078978;0.115228;0.046688
'Devel_HU_04';14.200000;0.076721;0.113055;0.050116
'Devel_HU_04';14.300000;0.076952;0.104504;0.054036
'Devel_HU_04';14.400000;0.077654;0.099291;0.058180
'Devel_HU_04';14.500000;0.076085;0.098809;0.057431
'Devel_HU_04';14.600000;0.075399;0.109803;0.057568
'Devel_HU_04';14.700000;0.074197;0.120404;0.059295
'Devel_HU_04';14.800000;0.076157;0.118938;0.056331
'Devel_HU_04';14.900000;0.081310;0.115408;0.054740
'Devel_HU_04';15.000000;0.086320;0.115864;0.055997
'Devel_HU_04';15.100000;0.091536;0.119002;0.056169
'Devel_HU_04';15.200000;0.104054;0.124249;0.051523
'Devel_HU_04';15.300000;0.103739;0.121120;0.046874
'Devel_HU_04';15.400000;0.104634;0.128724;0.048972
'Devel_HU_04';15.500000;0.106519;0.130434;0.046866
'Devel_HU_04';15.600000;0.108348;0.132922;0.047451
'Devel_HU_04';15.700000;0.107596;0.133710;0.045347
'Devel_HU_04';15.800000;0.106612;0.135188;0.045552
'Devel_HU_04';15.900000;0.112046;0.133112;0.047690
'Devel_HU_04';16.000000;0.112186;0.134754;0.047463
'Devel_HU_04';16.100000;0.110886;0.139262;0.046209
'Devel_HU_04';16.200000;0.104974;0.144213;0.044075
'Devel_HU_04';16.300000;0.101749;0.151519;0.042416
'Devel_HU_04';16.400000;0.102932;0.154302;0.041295
'Devel_HU_04';16.500000;0.105598;0.159413;0.041739
'Devel_HU_04';16.600000;0.111757;0.159582;0.042272
'Devel_HU_04';16.700000;0.115818;0.164306;0.040504
'Devel_HU_04';16.800000;0.119402;0.157371;0.038371
'Devel_HU_04';16.900000;0.121484;0.161421;0.040775
'Devel_HU_04';17.000000;0.117901;0.161213;0.043514
'Devel_HU_04';17.100000;0.118888;0.163452;0.042416
'Devel_HU_04';17.200000;0.115833;0.161015;0.037295
'Devel_HU_04';17.300000;0.111522;0.159223;0.037327
'Devel_HU_04';17.400000;0.110944;0.159183;0.041148
'Devel_HU_04';17.500000;0.110002;0.163921;0.039606
'Devel_HU_04';17.600000;0.106909;0.163337;0.042061
'Devel_HU_04';17.700000;0.100304;0.162383;0.039437
'Devel_HU_04';17.800000;0.096292;0.159486;0.036728
'Devel_HU_04';17.900000;0.098003;0.156545;0.034989
'Devel_HU_04';18.000000;0.098021;0.156832;0.037914
'Devel_HU_04';18.100000;0.096472;0.156706;0.039714
'Devel_HU_04';18.200000;0.098117;0.161107;0.038427
'Devel_HU_04';18.300000;0.097875;0.160077;0.040283
'Devel_HU_04';18.400000;0.096469;0.153877;0.038952
'Devel_HU_04';18.500000;0.092145;0.150683;0.032952
'Devel_HU_04';18.600000;0.090760;0.143057;0.033093
'Devel_HU_04';18.700000;0.092725;0.136953;0.034642
'Devel_HU_04';18.800000;0.087544;0.138793;0.036614
'Devel_HU_04';18.900000;0.078059;0.139063;0.031009
'Devel_HU_04';19.000000;0.070633;0.132301;0.031167
'Devel_HU_04';19.100000;0.064555;0.127093;0.030082
'Devel_HU_04';19.200000;0.066916;0.120821;0.031700
'Devel_HU_04';19.300000;0.068262;0.115508;0.033084
'Devel_HU_04';19.400000;0.073758;0.113798;0.037329
'Devel_HU_04';19.500000;0.079983;0.115244;0.037805
'Devel_HU_04';19.600000;0.079666;0.111996;0.044040
'Devel_HU_04';19.700000;0.081746;0.107035;0.047963
'Devel_HU_04';19.800000;0.082557;0.103963;0.045151
'Devel_HU_04';19.900000;0.077689;0.103049;0.036827
'Devel_HU_04';20.000000;0.076550;0.104503;0.037757
'Devel_HU_04';20.100000;0.071247;0.099557;0.037408
'Devel_HU_04';20.200000;0.067814;0.091836;0.039683
'Devel_HU_04';20.300000;0.070108;0.084994;0.042044
'Devel_HU_04';20.400000;0.070201;0.082679;0.049435
'Devel_HU_04';20.500000;0.078364;0.086044;0.050431
'Devel_HU_04';20.600000;0.076449;0.084134;0.044105
'Devel_HU_04';20.700000;0.083334;0.089004;0.040088
'Devel_HU_04';20.800000;0.089257;0.091126;0.040496
'Devel_HU_04';20.900000;0.082583;0.098089;0.036288
'Devel_HU_04';21.000000;0.081418;0.103794;0.033558
'Devel_HU_04';21.100000;0.082835;0.109855;0.031733
'Devel_HU_04';21.200000;0.085334;0.114410;0.031354
'Devel_HU_04';21.300000;0.090084;0.114922;0.033506
'Devel_HU_04';21.400000;0.091075;0.115341;0.034525
'Devel_HU_04';21.500000;0.089653;0.112793;0.036739
'Devel_HU_04';21.600000;0.092515;0.116151;0.036966
'Devel_HU_04';21.700000;0.092707;0.120257;0.038178
'Devel_HU_04';21.800000;0.089732;0.123418;0.036871
'Devel_HU_04';21.900000;0.087728;0.118608;0.031285
'Devel_HU_04';22.000000;0.088522;0.117297;0.032519
'Devel_HU_04';22.100000;0.087083;0.113274;0.031132
'Devel_HU_04';22.200000;0.083755;0.109820;0.033045
'Devel_HU_04';22.300000;0.075655;0.107512;0.033346
'Devel_HU_04';22.400000;0.075908;0.109906;0.033046
'Devel_HU_04';22.500000;0.074858;0.105676;0.033652
'Devel_HU_04';22.600000;0.074696;0.101992;0.030092
'Devel_HU_04';22.700000;0.073906;0.102993;0.029950
'Devel_HU_04';22.800000;0.072524;0.108679;0.028792
'Devel_HU_04';22.900000;0.071277;0.108808;0.026459
'Devel_HU_04';23.000000;0.065088;0.106497;0.024774
'Devel_HU_04';23.100000;0.064056;0.106846;0.022572
'Devel_HU_04';23.200000;0.057784;0.108921;0.026831
'Devel_HU_04';23.300000;0.056908;0.116685;0.028211
'Devel_HU_04';23.400000;0.057273;0.107547;0.026759
'Devel_HU_04';23.500000;0.067014;0.108509;0.030069
'Devel_HU_04';23.600000;0.075829;0.111732;0.031724
'Devel_HU_04';23.700000;0.080196;0.117960;0.032730
'Devel_HU_04';23.800000;0.085634;0.123757;0.029176
'Devel_HU_04';23.900000;0.089735;0.123083;0.027548
'Devel_HU_04';24.000000;0.100245;0.122262;0.032094
'Devel_HU_04';24.100000;0.105465;0.126418;0.034088
'Devel_HU_04';24.200000;0.114105;0.131843;0.038315
'Devel_HU_04';24.300000;0.117463;0.131560;0.040537
'Devel_HU_04';24.400000;0.123170;0.134701;0.040214
'Devel_HU_04';24.500000;0.122827;0.137060;0.038621
'Devel_HU_04';24.600000;0.114991;0.145364;0.040646
'Devel_HU_04';24.700000;0.114843;0.145199;0.045634
'Devel_HU_04';24.800000;0.110689;0.141173;0.042474
'Devel_HU_04';24.900000;0.110007;0.142661;0.047318
'Devel_HU_04';25.000000;0.106126;0.148250;0.043839
'Devel_HU_04';25.100000;0.102477;0.150257;0.044169
'Devel_HU_04';25.200000;0.108061;0.147707;0.040428
'Devel_HU_04';25.300000;0.108271;0.143347;0.039813
'Devel_HU_04';25.400000;0.107822;0.138918;0.040078
'Devel_HU_04';25.500000;0.109186;0.135179;0.047525
'Devel_HU_04';25.600000;0.100795;0.132656;0.051370
'Devel_HU_04';25.700000;0.095028;0.135233;0.057518
'Devel_HU_04';25.800000;0.091591;0.133647;0.057349
'Devel_HU_04';25.900000;0.093682;0.137941;0.058608
'Devel_HU_04';26.000000;0.093889;0.143129;0.056871
'Devel_HU_04';26.100000;0.093039;0.147272;0.056206
'Devel_HU_04';26.200000;0.088674;0.152147;0.057266
'Devel_HU_04';26.300000;0.082327;0.159620;0.057163
'Devel_HU_04';26.400000;0.085237;0.157277;0.053595
'Devel_HU_04';26.500000;0.091364;0.161267;0.056845
'Devel_HU_04';26.600000;0.091941;0.168866;0.057683
'Devel_HU_04';26.700000;0.094858;0.174507;0.054618
'Devel_HU_04';26.800000;0.100192;0.164980;0.054156
'Devel_HU_04';26.900000;0.105455;0.168845;0.053466
'Devel_HU_04';27.000000;0.108484;0.176283;0.052401
'Devel_HU_04';27.100000;0.108699;0.179902;0.046999
'Devel_HU_04';27.200000;0.110289;0.183599;0.044043
'Devel_HU_04';27.300000;0.114575;0.179331;0.044503
'Devel_HU_04';27.400000;0.108430;0.181899;0.044868
'Devel_HU_04';27.500000;0.103936;0.182388;0.043989
'Devel_HU_04';27.600000;0.106377;0.170770;0.042002
'Devel_HU_04';27.700000;0.107353;0.165954;0.033131
'Devel_HU_04';27.800000;0.110138;0.164699;0.026702
'Devel_HU_04';27.900000;0.115718;0.163580;0.020406
'Devel_HU_04';28.000000;0.120885;0.176683;0.022417
'Devel_HU_04';28.100000;0.122209;0.178063;0.015300
'Devel_HU_04';28.200000;0.121117;0.180831;0.016898
'Devel_HU_04';28.300000;0.115035;0.180487;0.021715
'Devel_HU_04';28.400000;0.112261;0.176351;0.018105
'Devel_HU_04';28.500000;0.108137;0.171372;0.016867
'Devel_HU_04';28.600000;0.111501;0.165913;0.008832
'Devel_HU_04';28.700000;0.111005;0.164691;0.006090
'Devel_HU_04';28.800000;0.107216;0.164311;0.005455
'Devel_HU_04';28.900000;0.108805;0.162298;0.000532
'Devel_HU_04';29.000000;0.110328;0.161539;-0.004792
'Devel_HU_04';29.100000;0.112282;0.162252;-0.003281
'Devel_HU_04';29.200000;0.112517;0.167486;-0.004179
'Devel_HU_04';29.300000;0.110605;0.169567;-0.006827
'Devel_HU_04';29.400000;0.107635;0.173515;-0.009834
'Devel_HU_04';29.500000;0.104619;0.179549;-0.014808
'Devel_HU_04';29.600000;0.104591;0.173972;-0.019821
'Devel_HU_04';29.700000;0.107714;0.166882;-0.020860
'Devel_HU_04';29.800000;0.104214;0.160238;-0.017059
'Devel_HU_04';29.900000;0.102257;0.165623;-0.015768
'Devel_HU_04';30.000000;0.102811;0.167013;-0.017499
'Devel_HU_04';30.100000;0.105685;0.161239;-0.020906
'Devel_HU_04';30.200000;0.111074;0.160896;-0.020782
'Devel_HU_04';30.300000;0.106780;0.163909;-0.025366
'Devel_HU_04';30.400000;0.098384;0.166689;-0.025237
'Devel_HU_04';30.500000;0.093836;0.164830;-0.026831
'Devel_HU_04';30.600000;0.092905;0.161375;-0.027697
'Devel_HU_04';30.700000;0.088231;0.158890;-0.025786
'Devel_HU_04';30.800000;0.090435;0.161406;-0.030506
'Devel_HU_04';30.900000;0.089426;0.161245;-0.025349
'Devel_HU_04';31.000000;0.092802;0.161185;-0.022804
'Devel_HU_04';31.100000;0.088816;0.158762;-0.026184
'Devel_HU_04';31.200000;0.091689;0.159687;-0.025957
'Devel_HU_04';31.300000;0.091594;0.159443;-0.026348
'Devel_HU_04';31.400000;0.092124;0.156559;-0.028189
'Devel_HU_04';31.500000;0.097155;0.153737;-0.029515
'Devel_HU_04';31.600000;0.098499;0.166586;-0.031809
'Devel_HU_04';31.700000;0.105770;0.172409;-0.032658
'Devel_HU_04';31.800000;0.116288;0.172646;-0.033722
'Devel_HU_04';31.900000;0.122320;0.177144;-0.031133
'Devel_HU_04';32.000000;0.124213;0.187301;-0.031773
'Devel_HU_04';32.100000;0.124940;0.193795;-0.027654
'Devel_HU_04';32.200000;0.129377;0.203950;-0.028846
'Devel_HU_04';32.300000;0.130213;0.213896;-0.026850
'Devel_HU_04';32.400000;0.135246;0.219126;-0.026302
'Devel_HU_04';32.500000;0.141880;0.227625;-0.028866
'Devel_HU_04';32.600000;0.145486;0.230161;-0.029576
'Devel_HU_04';32.700000;0.145062;0.237077;-0.026371
'Devel_HU_04';32.800000;0.146149;0.235479;-0.023278
'Devel_HU_04';32.900000;0.147965;0.236702;-0.019408
'Devel_HU_04';33.000000;0.149836;0.243158;-0.018787
'Devel_HU_04';33.100000;0.154567;0.246466;-0.024036
'Devel_HU_04';33.200000;0.152787;0.250971;-0.035108
'Devel_HU_04';33.300000;0.154487;0.259157;-0.033978
'Devel_HU_04';33.400000;0.151908;0.259030;-0.030646
'Devel_HU_04';33.500000;0.147398;0.254556;-0.030585
'Devel_HU_04';33.600000;0.148311;0.249856;-0.029361
'Devel_HU_04';33.700000;0.150115;0.249084;-0.033149
'Devel_HU_04';33.800000;0.153579;0.251648;-0.033266
'Devel_HU_04';33.900000;0.156783;0.252761;-0.031988
'Devel_HU_04';34.000000;0.162434;0.262155;-0.030220
'Devel_HU_04';34.100000;0.170675;0.259138;-0.032558
'Devel_HU_04';34.200000;0.177227;0.260533;-0.038580
'Devel_HU_04';34.300000;0.176244;0.257368;-0.040443
'Devel_HU_04';34.400000;0.181167;0.250647;-0.048450
'Devel_HU_04';34.500000;0.176888;0.248233;-0.048427
'Devel_HU_04';34.600000;0.178304;0.247017;-0.041720
'Devel_HU_04';34.700000;0.180570;0.245425;-0.038564
'Devel_HU_04';34.800000;0.181306;0.250106;-0.032552
'Devel_HU_04';34.900000;0.178226;0.259591;-0.023451
'Devel_HU_04';35.000000;0.177100;0.262756;-0.022935
'Devel_HU_04';35.100000;0.172351;0.262869;-0.021630
'Devel_HU_04';35.200000;0.172046;0.264288;-0.022241
'Devel_HU_04';35.300000;0.171913;0.258969;-0.022105
'Devel_HU_04';35.400000;0.166526;0.259302;-0.022435
'Devel_HU_04';35.500000;0.166906;0.252588;-0.025880
'Devel_HU_04';35.600000;0.163669;0.242952;-0.030726
'Devel_HU_04';35.700000;0.162381;0.236519;-0.029567
'Devel_HU_04';35.800000;0.159735;0.234312;-0.025911
'Devel_HU_04';35.900000;0.157218;0.223554;-0.026281
'Devel_HU_04';36.000000;0.160643;0.217166;-0.024771
'Devel_HU_04';36.100000;0.156782;0.214119;-0.030580
'Devel_HU_04';36.200000;0.155532;0.206898;-0.032001
'Devel_HU_04';36.300000;0.154278;0.197880;-0.038903
'Devel_HU_04';36.400000;0.144181;0.187851;-0.038903
'Devel_HU_04';36.500000;0.135094;0.176332;-0.034298
'Devel_HU_04';36.600000;0.130342;0.167092;-0.026451
'Devel_HU_04';36.700000;0.132549;0.159882;-0.025175
'Devel_HU_04';36.800000;0.132617;0.163117;-0.030613
'Devel_HU_04';36.900000;0.126635;0.156801;-0.032640
'Devel_HU_04';37.000000;0.119683;0.150562;-0.032941
'Devel_HU_04';37.100000;0.116725;0.145102;-0.032192
'Devel_HU_04';37.200000;0.107796;0.135433;-0.030607
'Devel_HU_04';37.300000;0.099827;0.135156;-0.030067
'Devel_HU_04';37.400000;0.098107;0.137435;-0.033022
'Devel_HU_04';37.500000;0.095894;0.130395;-0.034142
'Devel_HU_04';37.600000;0.095499;0.128830;-0.029827
'Devel_HU_04';37.700000;0.091533;0.129028;-0.027902
'Devel_HU_04';37.800000;0.089983;0.131394;-0.027163
'Devel_HU_04';37.900000;0.091652;0.125473;-0.028612
'Devel_HU_04';38.000000;0.091805;0.121167;-0.029752
'Devel_HU_04';38.100000;0.088493;0.118080;-0.030510
'Devel_HU_04';38.200000;0.092962;0.124448;-0.026085
'Devel_HU_04';38.300000;0.093404;0.126389;-0.020594
'Devel_HU_04';38.400000;0.096200;0.128088;-0.013762
'Devel_HU_04';38.500000;0.101926;0.128194;-0.006514
'Devel_HU_04';38.600000;0.115432;0.132021;-0.005221
'Devel_HU_04';38.700000;0.122200;0.136405;-0.000950
'Devel_HU_04';38.800000;0.128828;0.139670;0.003411
'Devel_HU_04';38.900000;0.139823;0.147524;0.006565
'Devel_HU_04';39.000000;0.147203;0.150582;0.010104
'Devel_HU_04';39.100000;0.151410;0.156927;0.014789
'Devel_HU_04';39.200000;0.153223;0.166599;0.022178
'Devel_HU_04';39.300000;0.155387;0.174694;0.024105
'Devel_HU_04';39.400000;0.159862;0.181882;0.028824
'Devel_HU_04';39.500000;0.161779;0.190429;0.028569
'Devel_HU_04';39.600000;0.161158;0.198470;0.031734
'Devel_HU_04';39.700000;0.161973;0.206116;0.032224
'Devel_HU_04';39.800000;0.165985;0.213490;0.032526
'Devel_HU_04';39.900000;0.166947;0.218627;0.034854
'Devel_HU_04';40.000000;0.164988;0.218833;0.035937
'Devel_HU_04';40.100000;0.163885;0.218215;0.039290
'Devel_HU_04';40.200000;0.160500;0.221301;0.041986
'Devel_HU_04';40.300000;0.160730;0.223397;0.042619
'Devel_HU_04';40.400000;0.163004;0.230521;0.042826
'Devel_HU_04';40.500000;0.167824;0.235729;0.044202
'Devel_HU_04';40.600000;0.170702;0.241037;0.044366
'Devel_HU_04';40.700000;0.173887;0.246886;0.047058
'Devel_HU_04';40.800000;0.179188;0.251852;0.048351
'Devel_HU_04';40.900000;0.183859;0.255577;0.049047
'Devel_HU_04';41.000000;0.185596;0.256485;0.052435
'Devel_HU_04';41.100000;0.184104;0.255998;0.055919
'Devel_HU_04';41.200000;0.185968;0.253668;0.059646
'Devel_HU_04';41.300000;0.188086;0.248281;0.066212
'Devel_HU_04';41.400000;0.192526;0.242990;0.068678
'Devel_HU_04';41.500000;0.191595;0.242656;0.068908
'Devel_HU_04';41.600000;0.188671;0.243296;0.068521
'Devel_HU_04';41.700000;0.188922;0.245085;0.071674
'Devel_HU_04';41.800000;0.184330;0.242143;0.071900
'Devel_HU_04';41.900000;0.181021;0.238296;0.067871
'Devel_HU_04';42.000000;0.173776;0.234629;0.065589
'Devel_HU_04';42.100000;0.168124;0.227940;0.070547
'Devel_HU_04';42.200000;0.161654;0.224400;0.069528
'Devel_HU_04';42.300000;0.155775;0.215259;0.065846
'Devel_HU_04';42.400000;0.152695;0.218265;0.062721
'Devel_HU_04';42.500000;0.154187;0.217737;0.060237
'Devel_HU_04';42.600000;0.162642;0.217191;0.058684
'Devel_HU_04';42.700000;0.162823;0.219941;0.056226
'Devel_HU_04';42.800000;0.158055;0.222053;0.058206
'Devel_HU_04';42.900000;0.151282;0.220397;0.055360
'Devel_HU_04';43.000000;0.149486;0.211397;0.047429
'Devel_HU_04';43.100000;0.150364;0.203650;0.043109
'Devel_HU_04';43.200000;0.151464;0.207400;0.039175
'Devel_HU_04';43.300000;0.152635;0.209960;0.032517
'Devel_HU_04';43.400000;0.152762;0.208134;0.025719
'Devel_HU_04';43.500000;0.149501;0.206321;0.027344
'Devel_HU_04';43.600000;0.148453;0.202513;0.028689
'Devel_HU_04';43.700000;0.150637;0.200225;0.027355
'Devel_HU_04';43.800000;0.149638;0.199188;0.027111
'Devel_HU_04';43.900000;0.148496;0.202116;0.022162
'Devel_HU_04';44.000000;0.143623;0.202508;0.022205
'Devel_HU_04';44.100000;0.138151;0.199240;0.021772
'Devel_HU_04';44.200000;0.133774;0.194442;0.021360
'Devel_HU_04';44.300000;0.128361;0.194869;0.022602
'Devel_HU_04';44.400000;0.128570;0.193121;0.019774
'Devel_HU_04';44.500000;0.132095;0.193884;0.020711
'Devel_HU_04';44.600000;0.135126;0.196260;0.020808
'Devel_HU_04';44.700000;0.137723;0.195313;0.020458
'Devel_HU_04';44.800000;0.139604;0.195705;0.019156
'Devel_HU_04';44.900000;0.142075;0.198872;0.013094
'Devel_HU_04';45.000000;0.149928;0.203411;0.007853
'Devel_HU_04';45.100000;0.151469;0.206936;0.004957
'Devel_HU_04';45.200000;0.152522;0.213538;0.001032
'Devel_HU_04';45.300000;0.146184;0.215344;0.000612
'Devel_HU_04';45.400000;0.145898;0.215757;0.003773
'Devel_HU_04';45.500000;0.149206;0.215202;-0.001079
'Devel_HU_04';45.600000;0.154114;0.220837;0.001842
'Devel_HU_04';45.700000;0.156491;0.213861;-0.003060
'Devel_HU_04';45.800000;0.152318;0.217789;-0.003541
'Devel_HU_04';45.900000;0.157422;0.211573;-0.003122
'Devel_HU_04';46.000000;0.152981;0.210294;-0.007125
'Devel_HU_04';46.100000;0.152756;0.203235;-0.007272
'Devel_HU_04';46.200000;0.144438;0.201984;-0.001316
'Devel_HU_04';46.300000;0.134474;0.200793;-0.004635
'Devel_HU_04';46.400000;0.130200;0.190385;0.000191
'Devel_HU_04';46.500000;0.120105;0.183127;0.003529
'Devel_HU_04';46.600000;0.109543;0.173151;0.004750
'Devel_HU_04';46.700000;0.102282;0.162719;0.008594
'Devel_HU_04';46.800000;0.101573;0.156916;0.006679
'Devel_HU_04';46.900000;0.104529;0.150158;-0.001876
'Devel_HU_04';47.000000;0.108595;0.139152;-0.009553
'Devel_HU_04';47.100000;0.103366;0.130306;-0.018520
'Devel_HU_04';47.200000;0.101417;0.123240;-0.020127
'Devel_HU_04';47.300000;0.098099;0.117288;-0.024913
'Devel_HU_04';47.400000;0.093235;0.117035;-0.023260
'Devel_HU_04';47.500000;0.094681;0.117270;-0.021927
'Devel_HU_04';47.600000;0.092043;0.122279;-0.019242
'Devel_HU_04';47.700000;0.092807;0.124324;-0.015834
'Devel_HU_04';47.800000;0.091840;0.125528;-0.016393
'Devel_HU_04';47.900000;0.089200;0.124869;-0.017011
'Devel_HU_04';48.000000;0.092852;0.126106;-0.014449
'Devel_HU_04';48.100000;0.096196;0.132430;-0.012731
'Devel_HU_04';48.200000;0.097597;0.134896;-0.010064
'Devel_HU_04';48.300000;0.097259;0.130964;-0.009626
'Devel_HU_04';48.400000;0.097032;0.129644;-0.005961
'Devel_HU_04';48.500000;0.101717;0.129694;0.001374
'Devel_HU_04';48.600000;0.103657;0.134757;-0.000596
'Devel_HU_04';48.700000;0.103158;0.140711;-0.002661
'Devel_HU_04';48.800000;0.100808;0.134735;-0.002500
'Devel_HU_04';48.900000;0.101229;0.133622;-0.001132
'Devel_HU_04';49.000000;0.086534;0.133665;-0.003111
'Devel_HU_04';49.100000;0.084134;0.130872;-0.002706
'Devel_HU_04';49.200000;0.086811;0.129420;0.005957
'Devel_HU_04';49.300000;0.092665;0.130084;0.005597
'Devel_HU_04';49.400000;0.092180;0.134487;0.004524
'Devel_HU_04';49.500000;0.097439;0.135982;0.005439
'Devel_HU_04';49.600000;0.098616;0.139319;0.007046
'Devel_HU_04';49.700000;0.101219;0.142682;0.006513
'Devel_HU_04';49.800000;0.108713;0.138899;0.005945
'Devel_HU_04';49.900000;0.117160;0.145939;0.007739
'Devel_HU_04';50.000000;0.123143;0.147691;0.009429
'Devel_HU_04';50.100000;0.125404;0.151179;0.011878
'Devel_HU_04';50.200000;0.121724;0.150605;0.016734
'Devel_HU_04';50.300000;0.123465;0.152492;0.022758
'Devel_HU_04';50.400000;0.121437;0.154147;0.022785
'Devel_HU_04';50.500000;0.115854;0.154131;0.025904
'Devel_HU_04';50.600000;0.105759;0.143983;0.028685
'Devel_HU_04';50.700000;0.099632;0.140675;0.028273
'Devel_HU_04';50.800000;0.092714;0.137818;0.028599
'Devel_HU_04';50.900000;0.087443;0.131399;0.027500
'Devel_HU_04';51.000000;0.077442;0.126384;0.030661
'Devel_HU_04';51.100000;0.070207;0.126536;0.033190
'Devel_HU_04';51.200000;0.063242;0.120583;0.034221
'Devel_HU_04';51.300000;0.061166;0.112435;0.034929
'Devel_HU_04';51.400000;0.058962;0.107713;0.033300
'Devel_HU_04';51.500000;0.056665;0.109411;0.031428
'Devel_HU_04';51.600000;0.056555;0.106764;0.031347
'Devel_HU_04';51.700000;0.055121;0.099335;0.030703
'Devel_HU_04';51.800000;0.052979;0.097640;0.030967
'Devel_HU_04';51.900000;0.050049;0.091627;0.031523
'Devel_HU_04';52.000000;0.043672;0.090480;0.035880
'Devel_HU_04';52.100000;0.035015;0.090870;0.037659
'Devel_HU_04';52.200000;0.032372;0.092800;0.036939
'Devel_HU_04';52.300000;0.036592;0.092922;0.037874
'Devel_HU_04';52.400000;0.038844;0.093435;0.039469
'Devel_HU_04';52.500000;0.037567;0.092622;0.037514
'Devel_HU_04';52.600000;0.036719;0.086407;0.042194
'Devel_HU_04';52.700000;0.038239;0.086235;0.036675
'Devel_HU_04';52.800000;0.040918;0.081300;0.030867
'Devel_HU_04';52.900000;0.036410;0.075758;0.028591
'Devel_HU_04';53.000000;0.035372;0.075058;0.029949
'Devel_HU_04';53.100000;0.033227;0.071400;0.032692
'Devel_HU_04';53.200000;0.033532;0.071556;0.034217
'Devel_HU_04';53.300000;0.031769;0.070686;0.033697
'Devel_HU_04';53.400000;0.030859;0.071849;0.033371
'Devel_HU_04';53.500000;0.026216;0.068174;0.032684
'Devel_HU_04';53.600000;0.027997;0.066047;0.039336
'Devel_HU_04';53.700000;0.027577;0.062178;0.043732
'Devel_HU_04';53.800000;0.021882;0.067430;0.045687
'Devel_HU_04';53.900000;0.019376;0.064336;0.041153
'Devel_HU_04';54.000000;0.016052;0.065550;0.040321
'Devel_HU_04';54.100000;0.016091;0.064310;0.037194
'Devel_HU_04';54.200000;0.014439;0.064158;0.035403
'Devel_HU_04';54.300000;0.011379;0.062093;0.034159
'Devel_HU_04';54.400000;0.016695;0.059896;0.040820
'Devel_HU_04';54.500000;0.026938;0.055131;0.039188
'Devel_HU_04';54.600000;0.030109;0.048912;0.040675
'Devel_HU_04';54.700000;0.032134;0.051658;0.037964
'Devel_HU_04';54.800000;0.039681;0.052802;0.035691
'Devel_HU_04';54.900000;0.044202;0.055956;0.035992
'Devel_HU_04';55.000000;0.049376;0.064355;0.037800
'Devel_HU_04';55.100000;0.053085;0.066594;0.040996
'Devel_HU_04';55.200000;0.059594;0.069709;0.044871
'Devel_HU_04';55.300000;0.059983;0.073102;0.044254
'Devel_HU_04';55.400000;0.064318;0.068368;0.046612
'Devel_HU_04';55.500000;0.070122;0.067535;0.047098
'Devel_HU_04';55.600000;0.075201;0.072237;0.048475
'Devel_HU_04';55.700000;0.080009;0.072447;0.044148
'Devel_HU_04';55.800000;0.086037;0.073188;0.040617
'Devel_HU_04';55.900000;0.091236;0.073581;0.042388
'Devel_HU_04';56.000000;0.098526;0.077553;0.041279
'Devel_HU_04';56.100000;0.103386;0.082625;0.034948
'Devel_HU_04';56.200000;0.104290;0.088653;0.032620
'Devel_HU_04';56.300000;0.104828;0.093482;0.029539
'Devel_HU_04';56.400000;0.105338;0.097531;0.024544
'Devel_HU_04';56.500000;0.105955;0.089778;0.021230
'Devel_HU_04';56.600000;0.111436;0.090767;0.017610
'Devel_HU_04';56.700000;0.110447;0.091492;0.012020
'Devel_HU_04';56.800000;0.114742;0.088188;0.003733
'Devel_HU_04';56.900000;0.118468;0.090468;0.002024
'Devel_HU_04';57.000000;0.115080;0.094088;-0.001188
'Devel_HU_04';57.100000;0.118189;0.096437;-0.005098
'Devel_HU_04';57.200000;0.117248;0.096117;-0.002617
'Devel_HU_04';57.300000;0.119184;0.094253;-0.003460
'Devel_HU_04';57.400000;0.124341;0.093880;-0.001082
'Devel_HU_04';57.500000;0.127011;0.093308;-0.004515
'Devel_HU_04';57.600000;0.131059;0.088977;-0.007877
'Devel_HU_04';57.700000;0.129761;0.085667;-0.011978
'Devel_HU_04';57.800000;0.127479;0.084931;-0.016015
'Devel_HU_04';57.900000;0.125196;0.082569;-0.014434
'Devel_HU_04';58.000000;0.125073;0.080413;-0.014454
'Devel_HU_04';58.100000;0.130753;0.078933;-0.018080
'Devel_HU_04';58.200000;0.130616;0.079797;-0.016839
'Devel_HU_04';58.300000;0.131234;0.080094;-0.016112
'Devel_HU_04';58.400000;0.126056;0.080764;-0.015835
'Devel_HU_04';58.500000;0.115655;0.082980;-0.014970
'Devel_HU_04';58.600000;0.111667;0.084610;-0.016825
'Devel_HU_04';58.700000;0.108553;0.088001;-0.018640
'Devel_HU_04';58.800000;0.106227;0.087906;-0.021613
'Devel_HU_04';58.900000;0.104551;0.085871;-0.025347
'Devel_HU_04';59.000000;0.108710;0.084316;-0.028115
'Devel_HU_04';59.100000;0.110442;0.084879;-0.030664
'Devel_HU_04';59.200000;0.109735;0.086470;-0.033506
'Devel_HU_04';59.300000;0.114810;0.079963;-0.035257
'Devel_HU_04';59.400000;0.117484;0.077650;-0.036986
'Devel_HU_04';59.500000;0.122134;0.069722;-0.037763
'Devel_HU_04';59.600000;0.124104;0.065832;-0.036356
'Devel_HU_04';59.700000;0.115904;0.064307;-0.035021
'Devel_HU_04';59.800000;0.111399;0.062701;-0.040446
'Devel_HU_04';59.900000;0.103524;0.064271;-0.040774
'Devel_HU_04';60.000000;0.097350;0.062609;-0.044191
'Devel_HU_04';60.100000;0.088831;0.060273;-0.047516
'Devel_HU_04';60.200000;0.085877;0.058080;-0.046382
'Devel_HU_04';60.300000;0.083613;0.059535;-0.045342
'Devel_HU_04';60.400000;0.082804;0.056674;-0.043829
'Devel_HU_04';60.500000;0.082714;0.052691;-0.044784
'Devel_HU_04';60.600000;0.082303;0.056079;-0.048610
'Devel_HU_04';60.700000;0.078842;0.050092;-0.051478
'Devel_HU_04';60.800000;0.071818;0.050294;-0.051592
'Devel_HU_04';60.900000;0.070825;0.050949;-0.051054
'Devel_HU_04';61.000000;0.067230;0.053302;-0.050158
'Devel_HU_04';61.100000;0.064141;0.056636;-0.042451
'Devel_HU_04';61.200000;0.064859;0.056229;-0.036849
'Devel_HU_04';61.300000;0.058145;0.058597;-0.034566
'Devel_HU_04';61.400000;0.056123;0.062042;-0.031629
'Devel_HU_04';61.500000;0.058710;0.068393;-0.034747
'Devel_HU_04';61.600000;0.064712;0.065397;-0.038576
'Devel_HU_04';61.700000;0.076486;0.058210;-0.038637
'Devel_HU_04';61.800000;0.083124;0.062296;-0.039294
'Devel_HU_04';61.900000;0.090024;0.070910;-0.039022
'Devel_HU_04';62.000000;0.091355;0.070925;-0.041914
'Devel_HU_04';62.100000;0.093335;0.076430;-0.042615
'Devel_HU_04';62.200000;0.101453;0.074383;-0.042165
'Devel_HU_04';62.300000;0.103127;0.072326;-0.039945
'Devel_HU_04';62.400000;0.105772;0.070515;-0.036372
'Devel_HU_04';62.500000;0.103351;0.075078;-0.037077
'Devel_HU_04';62.600000;0.102375;0.076062;-0.037743
'Devel_HU_04';62.700000;0.094469;0.078332;-0.039603
'Devel_HU_04';62.800000;0.081675;0.076969;-0.042601
'Devel_HU_04';62.900000;0.077602;0.072715;-0.044235
'Devel_HU_04';63.000000;0.072702;0.067999;-0.045666
'Devel_HU_04';63.100000;0.071596;0.068407;-0.049939
'Devel_HU_04';63.200000;0.068169;0.062730;-0.047161
'Devel_HU_04';63.300000;0.062218;0.054632;-0.046503
'Devel_HU_04';63.400000;0.054910;0.056265;-0.048658
'Devel_HU_04';63.500000;0.051524;0.046048;-0.048803
'Devel_HU_04';63.600000;0.062887;0.047800;-0.049450
'Devel_HU_04';63.700000;0.064943;0.050026;-0.046683
'Devel_HU_04';63.800000;0.068367;0.054682;-0.044895
'Devel_HU_04';63.900000;0.069882;0.058967;-0.046838
'Devel_HU_04';64.000000;0.068154;0.063507;-0.051585
'Devel_HU_04';64.100000;0.073321;0.063432;-0.052025
'Devel_HU_04';64.200000;0.075459;0.065434;-0.050061
'Devel_HU_04';64.300000;0.074612;0.065243;-0.044302
'Devel_HU_04';64.400000;0.075535;0.059151;-0.040237
'Devel_HU_04';64.500000;0.078062;0.052496;-0.035249
'Devel_HU_04';64.600000;0.078819;0.054679;-0.031638
'Devel_HU_04';64.700000;0.076223;0.058896;-0.024808
'Devel_HU_04';64.800000;0.074714;0.058509;-0.017446
'Devel_HU_04';64.900000;0.078727;0.061951;-0.013420
'Devel_HU_04';65.000000;0.081922;0.061895;-0.011081
'Devel_HU_04';65.100000;0.086127;0.057837;-0.013427
'Devel_HU_04';65.200000;0.090135;0.051248;-0.014494
'Devel_HU_04';65.300000;0.088039;0.047308;-0.017745
'Devel_HU_04';65.400000;0.087492;0.050119;-0.020915
'Devel_HU_04';65.500000;0.089933;0.047956;-0.022605
'Devel_HU_04';65.600000;0.093328;0.049820;-0.021518
'Devel_HU_04';65.700000;0.092455;0.048914;-0.020460
'Devel_HU_04';65.800000;0.096163;0.050849;-0.016099
'Devel_HU_04';65.900000;0.096409;0.056833;-0.019689
'Devel_HU_04';66.000000;0.100900;0.057393;-0.019835
'Devel_HU_04';66.100000;0.096090;0.063614;-0.016311
'Devel_HU_04';66.200000;0.090362;0.057317;-0.014574
'Devel_HU_04';66.300000;0.085316;0.051670;-0.012943
'Devel_HU_04';66.400000;0.075496;0.048543;-0.011351
'Devel_HU_04';66.500000;0.069460;0.044358;-0.009485
'Devel_HU_04';66.600000;0.065334;0.041745;-0.006431
'Devel_HU_04';66.700000;0.057276;0.038468;-0.004440
'Devel_HU_04';66.800000;0.055779;0.046545;-0.001589
'Devel_HU_04';66.900000;0.049895;0.046112;0.002172
'Devel_HU_04';67.000000;0.049963;0.048666;0.003550
'Devel_HU_04';67.100000;0.044456;0.049611;0.006075
'Devel_HU_04';67.200000;0.035668;0.050332;0.009202
'Devel_HU_04';67.300000;0.029619;0.048723;0.011255
'Devel_HU_04';67.400000;0.025813;0.047893;0.018162
'Devel_HU_04';67.500000;0.022924;0.045550;0.024147
'Devel_HU_04';67.600000;0.018066;0.043914;0.027061
'Devel_HU_04';67.700000;0.017343;0.038964;0.031654
'Devel_HU_04';67.800000;0.025607;0.037906;0.033302
'Devel_HU_04';67.900000;0.029316;0.037706;0.031442
'Devel_HU_04';68.000000;0.031222;0.036812;0.031402
'Devel_HU_04';68.100000;0.031371;0.042983;0.031619
'Devel_HU_04';68.200000;0.029656;0.048812;0.033477
'Devel_HU_04';68.300000;0.038793;0.049370;0.032635
'Devel_HU_04';68.400000;0.043146;0.047284;0.032887
'Devel_HU_04';68.500000;0.039994;0.045560;0.033965
'Devel_HU_04';68.600000;0.035997;0.043139;0.033108
'Devel_HU_04';68.700000;0.032230;0.040507;0.034383
'Devel_HU_04';68.800000;0.032045;0.036325;0.037970
'Devel_HU_04';68.900000;0.031518;0.040295;0.038531
'Devel_HU_04';69.000000;0.031807;0.041042;0.037817
'Devel_HU_04';69.100000;0.030915;0.044342;0.036719
'Devel_HU_04';69.200000;0.021411;0.050214;0.034340
'Devel_HU_04';69.300000;0.016374;0.051785;0.033568
'Devel_HU_04';69.400000;0.013612;0.053955;0.034823
'Devel_HU_04';69.500000;0.015236;0.056257;0.036820
'Devel_HU_04';69.600000;0.016096;0.062398;0.036078
'Devel_HU_04';69.700000;0.016979;0.063037;0.034902
'Devel_HU_04';69.800000;0.012282;0.056401;0.032919
'Devel_HU_04';69.900000;0.012602;0.057151;0.029772
'Devel_HU_04';70.000000;0.005052;0.053989;0.027596
'Devel_HU_04';70.100000;0.001270;0.055820;0.029457
'Devel_HU_04';70.200000;-0.001724;0.048456;0.030427
'Devel_HU_04';70.300000;-0.006901;0.048003;0.033504
'Devel_HU_04';70.400000;-0.009515;0.040941;0.030752
'Devel_HU_04';70.500000;-0.014216;0.036988;0.032263
'Devel_HU_04';70.600000;-0.018328;0.037274;0.031530
'Devel_HU_04';70.700000;-0.019600;0.035478;0.033255
'Devel_HU_04';70.800000;-0.020026;0.033972;0.036444
'Devel_HU_04';70.900000;-0.015985;0.033293;0.035716
'Devel_HU_04';71.000000;-0.011890;0.033028;0.035431
'Devel_HU_04';71.100000;-0.010853;0.033068;0.037696
'Devel_HU_04';71.200000;-0.011874;0.035326;0.038348
'Devel_HU_04';71.300000;-0.017277;0.035327;0.036823
'Devel_HU_04';71.400000;-0.020391;0.030932;0.034275
'Devel_HU_04';71.500000;-0.021475;0.023887;0.028711
'Devel_HU_04';71.600000;-0.020591;0.015492;0.027392
'Devel_HU_04';71.700000;-0.023637;0.009369;0.022756
'Devel_HU_04';71.800000;-0.024455;0.002188;0.023570
'Devel_HU_04';71.900000;-0.031063;-0.003734;0.020549
'Devel_HU_04';72.000000;-0.031395;-0.002666;0.020502
'Devel_HU_04';72.100000;-0.029283;-0.010528;0.016973
'Devel_HU_04';72.200000;-0.036604;-0.009007;0.017913
'Devel_HU_04';72.300000;-0.035887;-0.010581;0.015523
'Devel_HU_04';72.400000;-0.041122;-0.010520;0.016490
'Devel_HU_04';72.500000;-0.041117;-0.010662;0.016460
'Devel_HU_04';72.600000;-0.043917;-0.005724;0.017042
'Devel_HU_04';72.700000;-0.045365;-0.005540;0.018707
'Devel_HU_04';72.800000;-0.045391;-0.004860;0.018506
'Devel_HU_04';72.900000;-0.046073;-0.005059;0.018703
'Devel_HU_04';73.000000;-0.034813;-0.007408;0.018216
'Devel_HU_04';73.100000;-0.031453;-0.006925;0.015269
'Devel_HU_04';73.200000;-0.026242;-0.009075;0.013578
'Devel_HU_04';73.300000;-0.024569;-0.003822;0.010997
'Devel_HU_04';73.400000;-0.023602;0.004937;0.009508
'Devel_HU_04';73.500000;-0.019783;0.011813;0.011795
'Devel_HU_04';73.600000;-0.016895;0.019975;0.015704
'Devel_HU_04';73.700000;-0.011053;0.024684;0.019158
'Devel_HU_04';73.800000;-0.007873;0.032767;0.021085
'Devel_HU_04';73.900000;0.000122;0.045742;0.023488
'Devel_HU_04';74.000000;0.005792;0.058993;0.024262
'Devel_HU_04';74.100000;0.004641;0.072259;0.025944
'Devel_HU_04';74.200000;0.004913;0.081833;0.025610
'Devel_HU_04';74.300000;0.004127;0.088540;0.027047
'Devel_HU_04';74.400000;0.016014;0.086238;0.030262
'Devel_HU_04';74.500000;0.021176;0.084823;0.030025
'Devel_HU_04';74.600000;0.031115;0.080137;0.029747
'Devel_HU_04';74.700000;0.037120;0.086860;0.032007
'Devel_HU_04';74.800000;0.045930;0.093788;0.031637
'Devel_HU_04';74.900000;0.059583;0.092206;0.037014
'Devel_HU_04';75.000000;0.053890;0.095275;0.030821
'Devel_HU_04';75.100000;0.058117;0.095508;0.032041
'Devel_HU_04';75.200000;0.063082;0.100797;0.034096
'Devel_HU_04';75.300000;0.071215;0.098567;0.035228
'Devel_HU_04';75.400000;0.068810;0.099520;0.037711
'Devel_HU_04';75.500000;0.064876;0.101715;0.037703
'Devel_HU_04';75.600000;0.063794;0.101466;0.040572
'Devel_HU_04';75.700000;0.063237;0.105593;0.040054
'Devel_HU_04';75.800000;0.064195;0.099018;0.039658
'Devel_HU_04';75.900000;0.057152;0.096894;0.044062
'Devel_HU_04';76.000000;0.058880;0.092635;0.046507
'Devel_HU_04';76.100000;0.057448;0.091541;0.050042
'Devel_HU_04';76.200000;0.058543;0.092790;0.046342
'Devel_HU_04';76.300000;0.060335;0.091843;0.047202
'Devel_HU_04';76.400000;0.057520;0.089074;0.040369
'Devel_HU_04';76.500000;0.058245;0.086257;0.036675
'Devel_HU_04';76.600000;0.055443;0.081742;0.034839
'Devel_HU_04';76.700000;0.056564;0.080600;0.033414
'Devel_HU_04';76.800000;0.054603;0.080752;0.036442
'Devel_HU_04';76.900000;0.051290;0.078442;0.036985
'Devel_HU_04';77.000000;0.049103;0.085157;0.037814
'Devel_HU_04';77.100000;0.047091;0.086813;0.035716
'Devel_HU_04';77.200000;0.053670;0.080308;0.035486
'Devel_HU_04';77.300000;0.052731;0.080789;0.035260
'Devel_HU_04';77.400000;0.055551;0.079690;0.037647
'Devel_HU_04';77.500000;0.055744;0.084387;0.043038
'Devel_HU_04';77.600000;0.051210;0.086873;0.045110
'Devel_HU_04';77.700000;0.055606;0.084964;0.044576
'Devel_HU_04';77.800000;0.053656;0.088746;0.041035
'Devel_HU_04';77.900000;0.053394;0.087312;0.041478
'Devel_HU_04';78.000000;0.050008;0.085554;0.043658
'Devel_HU_04';78.100000;0.047611;0.075556;0.045329
'Devel_HU_04';78.200000;0.047645;0.071249;0.047446
'Devel_HU_04';78.300000;0.048384;0.075289;0.044656
'Devel_HU_04';78.400000;0.052299;0.073201;0.041361
'Devel_HU_04';78.500000;0.055049;0.072814;0.039900
'Devel_HU_04';78.600000;0.058111;0.069441;0.035897
'Devel_HU_04';78.700000;0.056374;0.067514;0.033132
'Devel_HU_04';78.800000;0.048312;0.068223;0.032601
'Devel_HU_04';78.900000;0.041576;0.063058;0.036073
'Devel_HU_04';79.000000;0.036711;0.062946;0.035154
'Devel_HU_04';79.100000;0.034481;0.059452;0.030838
'Devel_HU_04';79.200000;0.036385;0.061477;0.023708
'Devel_HU_04';79.300000;0.043184;0.066397;0.019936
'Devel_HU_04';79.400000;0.040211;0.067655;0.017544
'Devel_HU_04';79.500000;0.040991;0.067666;0.015907
'Devel_HU_04';79.600000;0.042056;0.063216;0.012387
'Devel_HU_04';79.700000;0.044057;0.061311;0.013757
'Devel_HU_04';79.800000;0.049452;0.063526;0.015317
'Devel_HU_04';79.900000;0.054041;0.067005;0.018328
'Devel_HU_04';80.000000;0.062516;0.068448;0.024075
'Devel_HU_04';80.100000;0.065897;0.075746;0.024065
'Devel_HU_04';80.200000;0.071904;0.071642;0.025860
'Devel_HU_04';80.300000;0.075385;0.071288;0.028236
'Devel_HU_04';80.400000;0.071798;0.075906;0.028826
'Devel_HU_04';80.500000;0.067681;0.076158;0.030600
'Devel_HU_04';80.600000;0.068425;0.074741;0.030572
'Devel_HU_04';80.700000;0.064927;0.071476;0.031836
'Devel_HU_04';80.800000;0.066246;0.075443;0.025096
'Devel_HU_04';80.900000;0.065489;0.073200;0.019651
'Devel_HU_04';81.000000;0.065654;0.078962;0.018233
'Devel_HU_04';81.100000;0.060992;0.084692;0.017784
'Devel_HU_04';81.200000;0.064353;0.085181;0.015052
'Devel_HU_04';81.300000;0.066022;0.085076;0.014868
'Devel_HU_04';81.400000;0.073948;0.092370;0.014700
'Devel_HU_04';81.500000;0.074478;0.091441;0.010643
'Devel_HU_04';81.600000;0.075138;0.091121;0.012613
'Devel_HU_04';81.700000;0.077117;0.090101;0.013914
'Devel_HU_04';81.800000;0.071707;0.093193;0.012449
'Devel_HU_04';81.900000;0.074684;0.097038;0.009859
'Devel_HU_04';82.000000;0.072111;0.095824;0.008955
'Devel_HU_04';82.100000;0.074885;0.100394;0.004745
'Devel_HU_04';82.200000;0.074402;0.100791;0.005918
'Devel_HU_04';82.300000;0.075418;0.104049;0.012495
'Devel_HU_04';82.400000;0.077057;0.102260;0.017616
'Devel_HU_04';82.500000;0.078102;0.102716;0.019550
'Devel_HU_04';82.600000;0.082183;0.098469;0.020326
'Devel_HU_04';82.700000;0.082443;0.103465;0.019919
'Devel_HU_04';82.800000;0.082624;0.109410;0.013747
'Devel_HU_04';82.900000;0.085993;0.116288;0.012634
'Devel_HU_04';83.000000;0.095030;0.110191;0.010201
'Devel_HU_04';83.100000;0.094110;0.113370;0.014458
'Devel_HU_04';83.200000;0.090463;0.121049;0.013056
'Devel_HU_04';83.300000;0.090399;0.117924;0.013795
'Devel_HU_04';83.400000;0.092195;0.117195;0.013615
'Devel_HU_04';83.500000;0.094411;0.111368;0.008677
'Devel_HU_04';83.600000;0.098502;0.112739;0.006691
'Devel_HU_04';83.700000;0.101816;0.114755;0.006770
'Devel_HU_04';83.800000;0.096147;0.116723;0.005422
'Devel_HU_04';83.900000;0.094553;0.118223;-0.002434
'Devel_HU_04';84.000000;0.094725;0.122621;-0.002717
'Devel_HU_04';84.100000;0.091723;0.126763;-0.005100
'Devel_HU_04';84.200000;0.089728;0.134313;-0.002480
'Devel_HU_04';84.300000;0.081165;0.134487;0.000121
'Devel_HU_04';84.400000;0.083071;0.135271;-0.001706
'Devel_HU_04';84.500000;0.082842;0.133300;0.000304
'Devel_HU_04';84.600000;0.079320;0.129856;-0.001378
'Devel_HU_04';84.700000;0.077195;0.129399;-0.000869
'Devel_HU_04';84.800000;0.081821;0.123284;-0.004457
'Devel_HU_04';84.900000;0.080757;0.125725;-0.005904
'Devel_HU_04';85.000000;0.080500;0.130937;-0.004563
'Devel_HU_04';85.100000;0.080188;0.126451;-0.001968
'Devel_HU_04';85.200000;0.077320;0.129251;-0.002930
'Devel_HU_04';85.300000;0.078599;0.118791;-0.005605
'Devel_HU_04';85.400000;0.081614;0.117134;0.001399
'Devel_HU_04';85.500000;0.084824;0.114628;0.000626
'Devel_HU_04';85.600000;0.090459;0.107929;0.003685
'Devel_HU_04';85.700000;0.092610;0.107160;0.003220
'Devel_HU_04';85.800000;0.095254;0.100975;0.006998
'Devel_HU_04';85.900000;0.102328;0.093693;0.007087
'Devel_HU_04';86.000000;0.097813;0.095269;0.009132
'Devel_HU_04';86.100000;0.100393;0.095053;0.008554
'Devel_HU_04';86.200000;0.103425;0.096608;0.010727
'Devel_HU_04';86.300000;0.110916;0.095685;0.009969
'Devel_HU_04';86.400000;0.113312;0.090372;0.007391
'Devel_HU_04';86.500000;0.111642;0.086895;0.009766
'Devel_HU_04';86.600000;0.112831;0.087067;0.008126
'Devel_HU_04';86.700000;0.112719;0.088613;0.012289
'Devel_HU_04';86.800000;0.112300;0.090232;0.010246
'Devel_HU_04';86.900000;0.111621;0.089640;0.009501
'Devel_HU_04';87.000000;0.108482;0.088505;0.011812
'Devel_HU_04';87.100000;0.103478;0.086749;0.014255
'Devel_HU_04';87.200000;0.103387;0.084259;0.013987
'Devel_HU_04';87.300000;0.099566;0.085633;0.015650
'Devel_HU_04';87.400000;0.090951;0.086633;0.017050
'Devel_HU_04';87.500000;0.087455;0.089915;0.019856
'Devel_HU_04';87.600000;0.084065;0.085768;0.018915
'Devel_HU_04';87.700000;0.086263;0.083121;0.015979
'Devel_HU_04';87.800000;0.087446;0.080645;0.018660
'Devel_HU_04';87.900000;0.087079;0.078739;0.023972
'Devel_HU_04';88.000000;0.083961;0.080846;0.022243
'Devel_HU_04';88.100000;0.084193;0.073091;0.026268
'Devel_HU_04';88.200000;0.082944;0.067945;0.020956
'Devel_HU_04';88.300000;0.076513;0.064590;0.020997
'Devel_HU_04';88.400000;0.075237;0.060760;0.022891
'Devel_HU_04';88.500000;0.075481;0.062390;0.020678
'Devel_HU_04';88.600000;0.082073;0.060779;0.018667
'Devel_HU_04';88.700000;0.088193;0.060131;0.023328
'Devel_HU_04';88.800000;0.090956;0.061508;0.023276
'Devel_HU_04';88.900000;0.084627;0.059905;0.027466
'Devel_HU_04';89.000000;0.084018;0.056670;0.031757
'Devel_HU_04';89.100000;0.084446;0.056994;0.038997
'Devel_HU_04';89.200000;0.092293;0.060188;0.046285
'Devel_HU_04';89.300000;0.098628;0.059357;0.051148
'Devel_HU_04';89.400000;0.097583;0.065833;0.053477
'Devel_HU_04';89.500000;0.090054;0.071863;0.053289
'Devel_HU_04';89.600000;0.085692;0.079396;0.052309
'Devel_HU_04';89.700000;0.084546;0.082388;0.055204
'Devel_HU_04';89.800000;0.083327;0.089990;0.058672
'Devel_HU_04';89.900000;0.078806;0.095162;0.054592
'Devel_HU_04';90.000000;0.078409;0.095340;0.051984
'Devel_HU_04';90.100000;0.084312;0.098696;0.052008
'Devel_HU_04';90.200000;0.082308;0.102287;0.053568
'Devel_HU_04';90.300000;0.082982;0.101974;0.053551
'Devel_HU_04';90.400000;0.082269;0.101705;0.054297
'Devel_HU_04';90.500000;0.079230;0.105098;0.053640
'Devel_HU_04';90.600000;0.077661;0.105075;0.051646
'Devel_HU_04';90.700000;0.073631;0.105709;0.052597
'Devel_HU_04';90.800000;0.076354;0.108856;0.052886
'Devel_HU_04';90.900000;0.074769;0.109182;0.054374
'Devel_HU_04';91.000000;0.073982;0.113749;0.055027
'Devel_HU_04';91.100000;0.072470;0.110572;0.052895
'Devel_HU_04';91.200000;0.070536;0.108392;0.050271
'Devel_HU_04';91.300000;0.065594;0.103047;0.048417
'Devel_HU_04';91.400000;0.059829;0.098261;0.045047
'Devel_HU_04';91.500000;0.057946;0.095637;0.045976
'Devel_HU_04';91.600000;0.050854;0.097198;0.044518
'Devel_HU_04';91.700000;0.043356;0.103090;0.045235
'Devel_HU_04';91.800000;0.033364;0.100325;0.047601
'Devel_HU_04';91.900000;0.033917;0.098782;0.047133
'Devel_HU_04';92.000000;0.029807;0.096368;0.048236
'Devel_HU_04';92.100000;0.025506;0.093205;0.050948
'Devel_HU_04';92.200000;0.028054;0.087583;0.048174
'Devel_HU_04';92.300000;0.024214;0.088020;0.047903
'Devel_HU_04';92.400000;0.023078;0.083100;0.046408
'Devel_HU_04';92.500000;0.022030;0.080794;0.043363
'Devel_HU_04';92.600000;0.020962;0.075745;0.042611
'Devel_HU_04';92.700000;0.020805;0.069103;0.042307
'Devel_HU_04';92.800000;0.016917;0.067708;0.044000
'Devel_HU_04';92.900000;0.021268;0.065429;0.046325
'Devel_HU_04';93.000000;0.023515;0.066479;0.041353
'Devel_HU_04';93.100000;0.025517;0.068704;0.038511
'Devel_HU_04';93.200000;0.027986;0.070377;0.033843
'Devel_HU_04';93.300000;0.025209;0.076394;0.027729
'Devel_HU_04';93.400000;0.022452;0.076366;0.026476
'Devel_HU_04';93.500000;0.025311;0.077021;0.023446
'Devel_HU_04';93.600000;0.027356;0.075934;0.027143
'Devel_HU_04';93.700000;0.027461;0.078870;0.030407
'Devel_HU_04';93.800000;0.026694;0.085941;0.032026
'Devel_HU_04';93.900000;0.033399;0.082481;0.032156
'Devel_HU_04';94.000000;0.042224;0.086731;0.030077
'Devel_HU_04';94.100000;0.045210;0.085974;0.029448
'Devel_HU_04';94.200000;0.046050;0.083430;0.029898
'Devel_HU_04';94.300000;0.046572;0.087964;0.029740
'Devel_HU_04';94.400000;0.042310;0.085767;0.028521
'Devel_HU_04';94.500000;0.043001;0.085373;0.028504
'Devel_HU_04';94.600000;0.045257;0.085715;0.027311
'Devel_HU_04';94.700000;0.045922;0.082979;0.027013
'Devel_HU_04';94.800000;0.048326;0.082277;0.024596
'Devel_HU_04';94.900000;0.045776;0.083036;0.023690
'Devel_HU_04';95.000000;0.049836;0.081446;0.022572
'Devel_HU_04';95.100000;0.050408;0.081111;0.022327
'Devel_HU_04';95.200000;0.051565;0.081574;0.022584
'Devel_HU_04';95.300000;0.049825;0.081650;0.022319
'Devel_HU_04';95.400000;0.049274;0.088502;0.020554
'Devel_HU_04';95.500000;0.045772;0.085805;0.020007
'Devel_HU_04';95.600000;0.045438;0.088819;0.019100
'Devel_HU_04';95.700000;0.045544;0.087949;0.020769
'Devel_HU_04';95.800000;0.046975;0.087488;0.019732
'Devel_HU_04';95.900000;0.050649;0.089331;0.019944
'Devel_HU_04';96.000000;0.050124;0.086750;0.014197
'Devel_HU_04';96.100000;0.049914;0.092217;0.013633
'Devel_HU_04';96.200000;0.050415;0.092421;0.012062
'Devel_HU_04';96.300000;0.050611;0.092594;0.014879
'Devel_HU_04';96.400000;0.054077;0.091510;0.015090
'Devel_HU_04';96.500000;0.056334;0.085364;0.017740
'Devel_HU_04';96.600000;0.062363;0.079319;0.018669
'Devel_HU_04';96.700000;0.062628;0.073605;0.019988
'Devel_HU_04';96.800000;0.064706;0.070577;0.017900
'Devel_HU_04';96.900000;0.062749;0.071325;0.017383
'Devel_HU_04';97.000000;0.062425;0.074524;0.014529
'Devel_HU_04';97.100000;0.062414;0.076904;0.012040
'Devel_HU_04';97.200000;0.063012;0.076716;0.017311
'Devel_HU_04';97.300000;0.062920;0.078427;0.022650
'Devel_HU_04';97.400000;0.061026;0.078575;0.023671
'Devel_HU_04';97.500000;0.060588;0.077610;0.024697
'Devel_HU_04';97.600000;0.060094;0.079691;0.021288
'Devel_HU_04';97.700000;0.057900;0.077774;0.017659
'Devel_HU_04';97.800000;0.057939;0.076867;0.016676
'Devel_HU_04';97.900000;0.053909;0.074793;0.015216
'Devel_HU_04';98.000000;0.052967;0.070286;0.021553
'Devel_HU_04';98.100000;0.052691;0.064484;0.021617
'Devel_HU_04';98.200000;0.053952;0.064500;0.021084
'Devel_HU_04';98.300000;0.054588;0.063421;0.020293
'Devel_HU_04';98.400000;0.061345;0.072666;0.018337
'Devel_HU_04';98.500000;0.063206;0.070039;0.019729
'Devel_HU_04';98.600000;0.060720;0.076666;0.021097
'Devel_HU_04';98.700000;0.057859;0.077452;0.022350
'Devel_HU_04';98.800000;0.056546;0.079928;0.023535
'Devel_HU_04';98.900000;0.057312;0.080731;0.023539
'Devel_HU_04';99.000000;0.053253;0.082460;0.025234
'Devel_HU_04';99.100000;0.054148;0.086364;0.027121
'Devel_HU_04';99.200000;0.059364;0.091012;0.026983
'Devel_HU_04';99.300000;0.066211;0.090595;0.027622
'Devel_HU_04';99.400000;0.074686;0.089049;0.031354
'Devel_HU_04';99.500000;0.075595;0.089710;0.033842
'Devel_HU_04';99.600000;0.077852;0.084614;0.032103
'Devel_HU_04';99.700000;0.079025;0.083583;0.027855
'Devel_HU_04';99.800000;0.076321;0.084425;0.027168
'Devel_HU_04';99.900000;0.075130;0.082445;0.027955
'Devel_HU_04';100.000000;0.072717;0.081806;0.026829
'Devel_HU_04';100.100000;0.069721;0.078784;0.025276
'Devel_HU_04';100.200000;0.066532;0.080944;0.023838
'Devel_HU_04';100.300000;0.065186;0.078972;0.023123
'Devel_HU_04';100.400000;0.064180;0.079899;0.019619
'Devel_HU_04';100.500000;0.058761;0.080590;0.018538
'Devel_HU_04';100.600000;0.053234;0.080501;0.020809
'Devel_HU_04';100.700000;0.047981;0.084590;0.021030
'Devel_HU_04';100.800000;0.046787;0.082523;0.021034
'Devel_HU_04';100.900000;0.043880;0.080394;0.024031
'Devel_HU_04';101.000000;0.042440;0.077395;0.023328
'Devel_HU_04';101.100000;0.044137;0.073081;0.024271
'Devel_HU_04';101.200000;0.043215;0.066392;0.027463
'Devel_HU_04';101.300000;0.046100;0.061349;0.029029
'Devel_HU_04';101.400000;0.040614;0.058129;0.029216
'Devel_HU_04';101.500000;0.041413;0.051905;0.026734
'Devel_HU_04';101.600000;0.039793;0.048429;0.028416
'Devel_HU_04';101.700000;0.040008;0.050021;0.025743
'Devel_HU_04';101.800000;0.039783;0.051788;0.025680
'Devel_HU_04';101.900000;0.037354;0.052865;0.027100
'Devel_HU_04';102.000000;0.035236;0.051174;0.024962
'Devel_HU_04';102.100000;0.031908;0.053828;0.022974
'Devel_HU_04';102.200000;0.027644;0.059252;0.026741
'Devel_HU_04';102.300000;0.016778;0.067602;0.027548
'Devel_HU_04';102.400000;0.018379;0.066192;0.026065
'Devel_HU_04';102.500000;0.019618;0.066674;0.025547
'Devel_HU_04';102.600000;0.024309;0.063527;0.023523
'Devel_HU_04';102.700000;0.030674;0.059067;0.028321
'Devel_HU_04';102.800000;0.026398;0.058515;0.031313
'Devel_HU_04';102.900000;0.028524;0.056708;0.029896
'Devel_HU_04';103.000000;0.029989;0.054924;0.032770
'Devel_HU_04';103.100000;0.034394;0.051196;0.031802
'Devel_HU_04';103.200000;0.028363;0.050801;0.033809
'Devel_HU_04';103.300000;0.021049;0.047744;0.034964
'Devel_HU_04';103.400000;0.016348;0.048532;0.036550
'Devel_HU_04';103.500000;0.013383;0.049925;0.034673
'Devel_HU_04';103.600000;0.012611;0.044298;0.036840
'Devel_HU_04';103.700000;0.011504;0.047726;0.035996
'Devel_HU_04';103.800000;0.013719;0.046519;0.033630
'Devel_HU_04';103.900000;0.013510;0.046214;0.032103
'Devel_HU_04';104.000000;0.011893;0.041848;0.030275
'Devel_HU_04';104.100000;0.009163;0.037391;0.032699
'Devel_HU_04';104.200000;0.007314;0.030292;0.031595
'Devel_HU_04';104.300000;0.007450;0.023400;0.029526
'Devel_HU_04';104.400000;0.006583;0.022341;0.027976
'Devel_HU_04';104.500000;0.008510;0.018750;0.023179
'Devel_HU_04';104.600000;0.008365;0.022061;0.025040
'Devel_HU_04';104.700000;0.009637;0.022372;0.023098
'Devel_HU_04';104.800000;0.016985;0.027681;0.022556
'Devel_HU_04';104.900000;0.023527;0.028822;0.022653
'Devel_HU_04';105.000000;0.027183;0.030524;0.027016
'Devel_HU_04';105.100000;0.026106;0.041165;0.030119
'Devel_HU_04';105.200000;0.030838;0.043412;0.032308
'Devel_HU_04';105.300000;0.035889;0.046063;0.032545
'Devel_HU_04';105.400000;0.041983;0.042168;0.033601
'Devel_HU_04';105.500000;0.046917;0.042573;0.035807
'Devel_HU_04';105.600000;0.042509;0.044524;0.031778
'Devel_HU_04';105.700000;0.044844;0.044639;0.031208
'Devel_HU_04';105.800000;0.049552;0.045017;0.026801
'Devel_HU_04';105.900000;0.053622;0.046234;0.027561
'Devel_HU_04';106.000000;0.051146;0.047291;0.024248
'Devel_HU_04';106.100000;0.054221;0.050968;0.021147
'Devel_HU_04';106.200000;0.054924;0.048244;0.017643
'Devel_HU_04';106.300000;0.059230;0.045094;0.016932
'Devel_HU_04';106.400000;0.058342;0.044270;0.018401
'Devel_HU_04';106.500000;0.060256;0.045948;0.018357
'Devel_HU_04';106.600000;0.053034;0.044009;0.020011
'Devel_HU_04';106.700000;0.052713;0.050406;0.021534
'Devel_HU_04';106.800000;0.056080;0.046856;0.021059
'Devel_HU_04';106.900000;0.048233;0.048495;0.018302
'Devel_HU_04';107.000000;0.044491;0.047191;0.015315
'Devel_HU_04';107.100000;0.044570;0.048007;0.009384
'Devel_HU_04';107.200000;0.041047;0.043465;0.005040
'Devel_HU_04';107.300000;0.036472;0.038813;0.003772
'Devel_HU_04';107.400000;0.039016;0.037651;-0.000233
'Devel_HU_04';107.500000;0.042575;0.033234;-0.002990
'Devel_HU_04';107.600000;0.043043;0.032763;-0.009933
'Devel_HU_04';107.700000;0.041657;0.033651;-0.011992
'Devel_HU_04';107.800000;0.038947;0.036658;-0.009982
'Devel_HU_04';107.900000;0.039923;0.034142;-0.011985
'Devel_HU_04';108.000000;0.040812;0.034473;-0.013426
'Devel_HU_04';108.100000;0.041397;0.033097;-0.016964
'Devel_HU_04';108.200000;0.043015;0.036981;-0.016873
'Devel_HU_04';108.300000;0.045447;0.035026;-0.016821
'Devel_HU_04';108.400000;0.045732;0.041881;-0.018820
'Devel_HU_04';108.500000;0.043517;0.046701;-0.022375
'Devel_HU_04';108.600000;0.054177;0.044136;-0.022056
'Devel_HU_04';108.700000;0.056257;0.046892;-0.020361
'Devel_HU_04';108.800000;0.049335;0.047242;-0.020436
'Devel_HU_04';108.900000;0.046612;0.050592;-0.022012
'Devel_HU_04';109.000000;0.042302;0.050419;-0.025080
'Devel_HU_04';109.100000;0.039317;0.051155;-0.024512
'Devel_HU_04';109.200000;0.031075;0.049414;-0.028003
'Devel_HU_04';109.300000;0.021692;0.047752;-0.031971
'Devel_HU_04';109.400000;0.023667;0.046033;-0.036090
'Devel_HU_04';109.500000;0.028378;0.040406;-0.036783
'Devel_HU_04';109.600000;0.024843;0.029952;-0.038023
'Devel_HU_04';109.700000;0.011502;0.024241;-0.032393
'Devel_HU_04';109.800000;0.007152;0.019274;-0.033862
'Devel_HU_04';109.900000;0.009844;0.018641;-0.035432
'Devel_HU_04';110.000000;0.004750;0.016265;-0.034194
'Devel_HU_04';110.100000;0.003649;0.023370;-0.031649
'Devel_HU_04';110.200000;0.014055;0.019057;-0.030913
'Devel_HU_04';110.300000;0.014361;0.018147;-0.024740
'Devel_HU_04';110.400000;0.016815;0.014175;-0.025204
'Devel_HU_04';110.500000;0.016317;0.014586;-0.025446
'Devel_HU_04';110.600000;0.028358;0.012750;-0.025007
'Devel_HU_04';110.700000;0.034787;0.015602;-0.022062
'Devel_HU_04';110.800000;0.034356;0.024174;-0.025646
'Devel_HU_04';110.900000;0.038909;0.031010;-0.024472
'Devel_HU_04';111.000000;0.045635;0.032954;-0.026252
'Devel_HU_04';111.100000;0.048890;0.038104;-0.024298
'Devel_HU_04';111.200000;0.044533;0.037492;-0.022812
'Devel_HU_04';111.300000;0.043016;0.034238;-0.020186
'Devel_HU_04';111.400000;0.046299;0.031230;-0.018183
'Devel_HU_04';111.500000;0.039116;0.028615;-0.018051
'Devel_HU_04';111.600000;0.030770;0.024033;-0.017145
'Devel_HU_04';111.700000;0.019234;0.022740;-0.013835
'Devel_HU_04';111.800000;0.014282;0.019524;-0.012256
'Devel_HU_04';111.900000;0.011821;0.017148;-0.013290
'Devel_HU_04';112.000000;0.013095;0.013727;-0.011780
'Devel_HU_04';112.100000;0.015782;0.018083;-0.009393
'Devel_HU_04';112.200000;0.013590;0.020060;-0.012950
'Devel_HU_04';112.300000;0.017455;0.021893;-0.010802
'Devel_HU_04';112.400000;0.022162;0.030323;-0.006348
'Devel_HU_04';112.500000;0.026896;0.035902;-0.007214
'Devel_HU_04';112.600000;0.026527;0.036908;-0.005926
'Devel_HU_04';112.700000;0.027081;0.033645;-0.000681
'Devel_HU_04';112.800000;0.021280;0.038840;0.001303
'Devel_HU_04';112.900000;0.020331;0.038276;0.001537
'Devel_HU_04';113.000000;0.020611;0.035453;0.003852
'Devel_HU_04';113.100000;0.011611;0.037693;0.006515
'Devel_HU_04';113.200000;0.008762;0.032529;0.011574
'Devel_HU_04';113.300000;0.007010;0.033735;0.014714
'Devel_HU_04';113.400000;0.009277;0.029681;0.014983
'Devel_HU_04';113.500000;0.010737;0.024685;0.021214
'Devel_HU_04';113.600000;0.008250;0.028331;0.024671
'Devel_HU_04';113.700000;0.007761;0.034920;0.027801
'Devel_HU_04';113.800000;0.011029;0.032531;0.024944
'Devel_HU_04';113.900000;0.015102;0.031068;0.020044
'Devel_HU_04';114.000000;0.018651;0.035414;0.019223
'Devel_HU_04';114.100000;0.025000;0.040218;0.017910
'Devel_HU_04';114.200000;0.029217;0.043277;0.016352
'Devel_HU_04';114.300000;0.031212;0.046985;0.018796
'Devel_HU_04';114.400000;0.030176;0.048046;0.020076
'Devel_HU_04';114.500000;0.031241;0.050379;0.020076
'Devel_HU_04';114.600000;0.031764;0.052502;0.023490
'Devel_HU_04';114.700000;0.031934;0.054984;0.021488
'Devel_HU_04';114.800000;0.026553;0.049399;0.017956
'Devel_HU_04';114.900000;0.020709;0.044244;0.019157
'Devel_HU_04';115.000000;0.014642;0.038237;0.017770
'Devel_HU_04';115.100000;0.017536;0.034255;0.018129
'Devel_HU_04';115.200000;0.019424;0.037765;0.020185
'Devel_HU_04';115.300000;0.018154;0.040131;0.020873
'Devel_HU_04';115.400000;0.023115;0.040695;0.019734
'Devel_HU_04';115.500000;0.028232;0.035157;0.015493
'Devel_HU_04';115.600000;0.036192;0.035955;0.010619
'Devel_HU_04';115.700000;0.034020;0.034927;0.010092
'Devel_HU_04';115.800000;0.036658;0.039966;0.009768
'Devel_HU_04';115.900000;0.039938;0.039851;0.010920
'Devel_HU_04';116.000000;0.040512;0.041405;0.013828
'Devel_HU_04';116.100000;0.037925;0.044217;0.015359
'Devel_HU_04';116.200000;0.036466;0.043847;0.019679
'Devel_HU_04';116.300000;0.038423;0.044760;0.022959
'Devel_HU_04';116.400000;0.037733;0.047613;0.025459
'Devel_HU_04';116.500000;0.041150;0.049514;0.027960
'Devel_HU_04';116.600000;0.043265;0.049627;0.028125
'Devel_HU_04';116.700000;0.042800;0.048676;0.028849
'Devel_HU_04';116.800000;0.042365;0.045986;0.029831
'Devel_HU_04';116.900000;0.041789;0.045489;0.032713
'Devel_HU_04';117.000000;0.040763;0.044291;0.035035
'Devel_HU_04';117.100000;0.035343;0.041928;0.036373
'Devel_HU_04';117.200000;0.034376;0.040284;0.041078
'Devel_HU_04';117.300000;0.033345;0.036643;0.042261
'Devel_HU_04';117.400000;0.034863;0.036651;0.043747
'Devel_HU_04';117.500000;0.038350;0.038643;0.040604
'Devel_HU_04';117.600000;0.040573;0.040315;0.042813
'Devel_HU_04';117.700000;0.042343;0.045598;0.041031
'Devel_HU_04';117.800000;0.044782;0.042552;0.040830
'Devel_HU_04';117.900000;0.048348;0.038660;0.041459
'Devel_HU_04';118.000000;0.047120;0.033932;0.040963
'Devel_HU_04';118.100000;0.042510;0.030130;0.039972
'Devel_HU_04';118.200000;0.039493;0.028442;0.041939
'Devel_HU_04';118.300000;0.037656;0.023293;0.039708
'Devel_HU_04';118.400000;0.036044;0.017134;0.039404
'Devel_HU_04';118.500000;0.035479;0.009424;0.041349
'Devel_HU_04';118.600000;0.032036;0.007046;0.040422
'Devel_HU_04';118.700000;0.030196;0.007046;0.039379
'Devel_HU_04';118.800000;0.030968;0.007046;0.037217
'Devel_HU_04';118.900000;0.030968;0.007046;0.036028
'Devel_HU_04';119.000000;0.030968;0.007046;0.041346
'Devel_HU_04';119.100000;0.030968;0.007046;0.041346
'Devel_HU_04';119.200000;0.030968;0.007046;0.041346
'Devel_HU_04';119.300000;0.030968;0.007046;0.041346
'Devel_HU_04';119.400000;0.030968;0.007046;0.041346
'Devel_HU_04';119.500000;0.030968;0.007046;0.041346
'Devel_HU_04';119.600000;0.030968;0.007046;0.041346
'Devel_HU_04';119.700000;0.030968;0.007046;0.041346
'Devel_HU_04';119.800000;0.030968;0.007046;0.041346
'Devel_HU_04';119.900000;0.030968;0.007046;0.041346
'Devel_HU_04';120.000000;0.030968;0.007046;0.041346
'Devel_HU_04';120.100000;0.030968;0.007046;0.041346
'Devel_HU_04';120.200000;0.030968;0.007046;0.041346
'Devel_HU_04';120.300000;0.030968;0.007046;0.041346
'Devel_HU_04';120.400000;0.030968;0.007046;0.041346
'Devel_HU_04';120.500000;0.030968;0.007046;0.041346
'Devel_HU_04';120.600000;0.030968;0.007046;0.041346
'Devel_HU_04';120.700000;0.030968;0.007046;0.041346
'Devel_HU_04';120.800000;0.030968;0.007046;0.041346
'Devel_HU_04';120.900000;0.030968;0.007046;0.041346
'Devel_HU_04';121.000000;0.030968;0.007046;0.041346
'Devel_HU_04';121.100000;0.030968;0.007046;0.041346
'Devel_HU_04';121.200000;0.030968;0.007046;0.041346
'Devel_HU_04';121.300000;0.030968;0.007046;0.041346
'Devel_HU_04';121.400000;0.030968;0.007046;0.041346
'Devel_HU_04';121.500000;0.030968;0.007046;0.041346
'Devel_HU_04';121.600000;0.030968;0.007046;0.041346
'Devel_HU_04';121.700000;0.030968;0.007046;0.041346
'Devel_HU_04';121.800000;0.030968;0.007046;0.041346
'Devel_HU_04';121.900000;0.030968;0.007046;0.041346
'Devel_HU_04';122.000000;0.030968;0.007046;0.041346
'Devel_HU_04';122.100000;0.030968;0.007046;0.041346
'Devel_HU_04';122.200000;0.030968;0.007046;0.041346
'Devel_HU_04';122.300000;0.030968;0.007046;0.041346
'Devel_HU_04';122.400000;0.030968;0.007046;0.041346
'Devel_HU_04';122.500000;0.030968;0.007046;0.041346
'Devel_HU_04';122.600000;0.030968;0.007046;0.041346
'Devel_HU_04';122.700000;0.030968;0.007046;0.041346
'Devel_HU_04';122.800000;0.030968;0.007046;0.041346
'Devel_HU_04';122.900000;0.030968;0.007046;0.041346
'Devel_HU_04';123.000000;0.030968;0.007046;0.041346
'Devel_HU_04';123.100000;0.030968;0.007046;0.041346
'Devel_HU_04';123.200000;0.030968;0.007046;0.041346
'Devel_HU_04';123.300000;0.030968;0.007046;0.041346
'Devel_HU_04';123.400000;0.030968;0.007046;0.041346
'Devel_HU_04';123.500000;0.030968;0.007046;0.041346
'Devel_HU_04';123.600000;0.030968;0.007046;0.041346
'Devel_HU_04';123.700000;0.030968;0.007046;0.041346
'Devel_HU_04';123.800000;0.030968;0.007046;0.041346
'Devel_HU_04';123.900000;0.030968;0.007046;0.041346
'Devel_HU_04';124.000000;0.030968;0.007046;0.041346
'Devel_HU_04';124.100000;0.030968;0.007046;0.041346
'Devel_HU_04';124.200000;0.030968;0.007046;0.041346
'Devel_HU_04';124.300000;0.030968;0.007046;0.041346
'Devel_HU_04';124.400000;0.030968;0.007046;0.041346
'Devel_HU_04';124.500000;0.030968;0.007046;0.041346
'Devel_HU_04';124.600000;0.030968;0.007046;0.041346
'Devel_HU_04';124.700000;0.030968;0.007046;0.041346
'Devel_HU_04';124.800000;0.030968;0.007046;0.041346
'Devel_HU_04';124.900000;0.030968;0.007046;0.041346
'Devel_HU_04';125.000000;0.030968;0.007046;0.041346
'Devel_HU_04';125.100000;0.030968;0.007046;0.041346
'Devel_HU_04';125.200000;0.030968;0.007046;0.041346
'Devel_HU_04';125.300000;0.030968;0.007046;0.041346
'Devel_HU_04';125.400000;0.030968;0.007046;0.041346
'Devel_HU_04';125.500000;0.030968;0.007046;0.041346
'Devel_HU_04';125.600000;0.030968;0.007046;0.041346
'Devel_HU_04';125.700000;0.030968;0.007046;0.041346
'Devel_HU_04';125.800000;0.030968;0.007046;0.041346
'Devel_HU_04';125.900000;0.030968;0.007046;0.041346
'Devel_HU_04';126.000000;0.030968;0.007046;0.041346
'Devel_HU_04';126.100000;0.030968;0.007046;0.041346
'Devel_HU_04';126.200000;0.030968;0.007046;0.041346
'Devel_HU_04';126.300000;0.030968;0.007046;0.041346
'Devel_HU_04';126.400000;0.030968;0.007046;0.041346
'Devel_HU_04';126.500000;0.030968;0.007046;0.041346
'Devel_HU_04';126.600000;0.030968;0.007046;0.041346
'Devel_HU_04';126.700000;0.030968;0.007046;0.041346
'Devel_HU_04';126.800000;0.030968;0.007046;0.041346
'Devel_HU_04';126.900000;0.030968;0.007046;0.041346
'Devel_HU_04';127.000000;0.030968;0.007046;0.041346
'Devel_HU_04';127.100000;0.030968;0.007046;0.041346
'Devel_HU_04';127.200000;0.030968;0.007046;0.041346
'Devel_HU_04';127.300000;0.030968;0.007046;0.041346
'Devel_HU_04';127.400000;0.030968;0.007046;0.041346
'Devel_HU_04';127.500000;0.030968;0.007046;0.041346
'Devel_HU_04';127.600000;0.030968;0.007046;0.041346
'Devel_HU_04';127.700000;0.030968;0.007046;0.041346
'Devel_HU_04';127.800000;0.030968;0.007046;0.041346
'Devel_HU_04';127.900000;0.030968;0.007046;0.041346
'Devel_HU_04';128.000000;0.030968;0.007046;0.041346
'Devel_HU_04';128.100000;0.030968;0.007046;0.041346
'Devel_HU_04';128.200000;0.030968;0.007046;0.041346
'Devel_HU_04';128.300000;0.030968;0.007046;0.041346
'Devel_HU_04';128.400000;0.030968;0.007046;0.041346
'Devel_HU_04';128.500000;0.030968;0.007046;0.041346
'Devel_HU_04';128.600000;0.030968;0.007046;0.041346
'Devel_HU_04';128.700000;0.030968;0.007046;0.041346
'Devel_HU_04';128.800000;0.030968;0.007046;0.041346
'Devel_HU_04';128.900000;0.030968;0.007046;0.041346
'Devel_HU_04';129.000000;0.030968;0.007046;0.041346
'Devel_HU_04';129.100000;0.030968;0.007046;0.041346
'Devel_HU_04';129.200000;0.030968;0.007046;0.041346
'Devel_HU_04';129.300000;0.030968;0.007046;0.041346
'Devel_HU_04';129.400000;0.030968;0.007046;0.041346
'Devel_HU_04';129.500000;0.030968;0.007046;0.041346
'Devel_HU_04';129.600000;0.030968;0.007046;0.041346
'Devel_HU_04';129.700000;0.030968;0.007046;0.041346
'Devel_HU_04';129.800000;0.030968;0.007046;0.041346
'Devel_HU_04';129.900000;0.030968;0.007046;0.041346
'Devel_HU_04';130.000000;0.030968;0.007046;0.041346
'Devel_HU_04';130.100000;0.030968;0.007046;0.041346
'Devel_HU_04';130.200000;0.030968;0.007046;0.041346
'Devel_HU_04';130.300000;0.030968;0.007046;0.041346
'Devel_HU_04';130.400000;0.030968;0.007046;0.041346
'Devel_HU_04';130.500000;0.030968;0.007046;0.041346
'Devel_HU_04';130.600000;0.030968;0.007046;0.041346
'Devel_HU_04';130.700000;0.030968;0.007046;0.041346
'Devel_HU_04';130.800000;0.030968;0.007046;0.041346
'Devel_HU_04';130.900000;0.030968;0.007046;0.041346
'Devel_HU_04';131.000000;0.030968;0.007046;0.041346
'Devel_HU_04';131.100000;0.030968;0.007046;0.041346
'Devel_HU_04';131.200000;0.030968;0.007046;0.041346
'Devel_HU_04';131.300000;0.030968;0.007046;0.041346
'Devel_HU_04';131.400000;0.030968;0.007046;0.041346
'Devel_HU_04';131.500000;0.030968;0.007046;0.041346
'Devel_HU_04';131.600000;0.030968;0.007046;0.041346
'Devel_HU_04';131.700000;0.030968;0.007046;0.041346
'Devel_HU_04';131.800000;0.030968;0.007046;0.041346
'Devel_HU_04';131.900000;0.030968;0.007046;0.041346
'Devel_HU_04';132.000000;0.030968;0.007046;0.041346
'Devel_HU_04';132.100000;0.030968;0.007046;0.041346
'Devel_HU_04';132.200000;0.030968;0.007046;0.041346
'Devel_HU_04';132.300000;0.030968;0.007046;0.041346
'Devel_HU_04';132.400000;0.030968;0.007046;0.041346
'Devel_HU_04';132.500000;0.030968;0.007046;0.041346
'Devel_HU_04';132.600000;0.030968;0.007046;0.041346
'Devel_HU_04';132.700000;0.030968;0.007046;0.041346
'Devel_HU_04';132.800000;0.030968;0.007046;0.041346
'Devel_HU_04';132.900000;0.030968;0.007046;0.041346
'Devel_HU_04';133.000000;0.030968;0.007046;0.041346
'Devel_HU_04';133.100000;0.030968;0.007046;0.041346
'Devel_HU_04';133.200000;0.030968;0.007046;0.041346
'Devel_HU_04';133.300000;0.030968;0.007046;0.041346
'Devel_HU_04';133.400000;0.030968;0.007046;0.041346
'Devel_HU_04';133.500000;0.030968;0.007046;0.041346
'Devel_HU_04';133.600000;0.030968;0.007046;0.041346
'Devel_HU_04';133.700000;0.030968;0.007046;0.041346
'Devel_HU_04';133.800000;0.030968;0.007046;0.041346
'Devel_HU_04';133.900000;0.030968;0.007046;0.041346
'Devel_HU_04';134.000000;0.030968;0.007046;0.041346
'Devel_HU_04';134.100000;0.030968;0.007046;0.041346
'Devel_HU_04';134.200000;0.030968;0.007046;0.041346
'Devel_HU_04';134.300000;0.030968;0.007046;0.041346
'Devel_HU_04';134.400000;0.030968;0.007046;0.041346
'Devel_HU_04';134.500000;0.030968;0.007046;0.041346
'Devel_HU_04';134.600000;0.030968;0.007046;0.041346
'Devel_HU_04';134.700000;0.030968;0.007046;0.041346
'Devel_HU_04';134.800000;0.030968;0.007046;0.041346
'Devel_HU_04';134.900000;0.030968;0.007046;0.041346
'Devel_HU_04';135.000000;0.030968;0.007046;0.041346
'Devel_HU_04';135.100000;0.030968;0.007046;0.041346
'Devel_HU_04';135.200000;0.030968;0.007046;0.041346
'Devel_HU_04';135.300000;0.030968;0.007046;0.041346
'Devel_HU_04';135.400000;0.030968;0.007046;0.041346
'Devel_HU_04';135.500000;0.030968;0.007046;0.041346
'Devel_HU_04';135.600000;0.030968;0.007046;0.041346
'Devel_HU_04';135.700000;0.030968;0.007046;0.041346
'Devel_HU_04';135.800000;0.030968;0.007046;0.041346
'Devel_HU_04';135.900000;0.030968;0.007046;0.041346
'Devel_HU_04';136.000000;0.030968;0.007046;0.041346
'Devel_HU_04';136.100000;0.030968;0.007046;0.041346
'Devel_HU_04';136.200000;0.030968;0.007046;0.041346
'Devel_HU_04';136.300000;0.030968;0.007046;0.041346
'Devel_HU_04';136.400000;0.030968;0.007046;0.041346
'Devel_HU_04';136.500000;0.030968;0.007046;0.041346
'Devel_HU_04';136.600000;0.030968;0.007046;0.041346
'Devel_HU_04';136.700000;0.030968;0.007046;0.041346
'Devel_HU_04';136.800000;0.030968;0.007046;0.041346
'Devel_HU_04';136.900000;0.030968;0.007046;0.041346
'Devel_HU_04';137.000000;0.030968;0.007046;0.041346
'Devel_HU_04';137.100000;0.030968;0.007046;0.041346
'Devel_HU_04';137.200000;0.030968;0.007046;0.041346
'Devel_HU_04';137.300000;0.030968;0.007046;0.041346
'Devel_HU_04';137.400000;0.030968;0.007046;0.041346
'Devel_HU_04';137.500000;0.030968;0.007046;0.041346
'Devel_HU_04';137.600000;0.030968;0.007046;0.041346
'Devel_HU_04';137.700000;0.030968;0.007046;0.041346
'Devel_HU_04';137.800000;0.030968;0.007046;0.041346
'Devel_HU_04';137.900000;0.030968;0.007046;0.041346
'Devel_HU_04';138.000000;0.030968;0.007046;0.041346
'Devel_HU_04';138.100000;0.030968;0.007046;0.041346
'Devel_HU_04';138.200000;0.030968;0.007046;0.041346
'Devel_HU_04';138.300000;0.030968;0.007046;0.041346
'Devel_HU_04';138.400000;0.030968;0.007046;0.041346
'Devel_HU_04';138.500000;0.030968;0.007046;0.041346
'Devel_HU_04';138.600000;0.030968;0.007046;0.041346
'Devel_HU_04';138.700000;0.030968;0.007046;0.041346
'Devel_HU_04';138.800000;0.030968;0.007046;0.041346
'Devel_HU_04';138.900000;0.030968;0.007046;0.041346
'Devel_HU_04';139.000000;0.030968;0.007046;0.041346
'Devel_HU_04';139.100000;0.030968;0.007046;0.041346
'Devel_HU_04';139.200000;0.030968;0.007046;0.041346
'Devel_HU_04';139.300000;0.030968;0.007046;0.041346
'Devel_HU_04';139.400000;0.030968;0.007046;0.041346
'Devel_HU_04';139.500000;0.030968;0.007046;0.041346
'Devel_HU_04';139.600000;0.030968;0.007046;0.041346
'Devel_HU_04';139.700000;0.030968;0.007046;0.041346
'Devel_HU_04';139.800000;0.030968;0.007046;0.041346
'Devel_HU_04';139.900000;0.030968;0.007046;0.041346
'Devel_HU_04';140.000000;0.030968;0.007046;0.041346
'Devel_HU_04';140.100000;0.030968;0.007046;0.041346
'Devel_HU_04';140.200000;0.030968;0.007046;0.041346
'Devel_HU_04';140.300000;0.030968;0.007046;0.041346
'Devel_HU_04';140.400000;0.030968;0.007046;0.041346
'Devel_HU_04';140.500000;0.030968;0.007046;0.041346
'Devel_HU_04';140.600000;0.030968;0.007046;0.041346
'Devel_HU_04';140.700000;0.030968;0.007046;0.041346
'Devel_HU_04';140.800000;0.030968;0.007046;0.041346
'Devel_HU_04';140.900000;0.030968;0.007046;0.041346
'Devel_HU_04';141.000000;0.030968;0.007046;0.041346
'Devel_HU_04';141.100000;0.030968;0.007046;0.041346
'Devel_HU_04';141.200000;0.030968;0.007046;0.041346
'Devel_HU_04';141.300000;0.030968;0.007046;0.041346
'Devel_HU_04';141.400000;0.030968;0.007046;0.041346
'Devel_HU_04';141.500000;0.030968;0.007046;0.041346
'Devel_HU_04';141.600000;0.030968;0.007046;0.041346
'Devel_HU_04';141.700000;0.030968;0.007046;0.041346
'Devel_HU_04';141.800000;0.030968;0.007046;0.041346
'Devel_HU_04';141.900000;0.030968;0.007046;0.041346
'Devel_HU_04';142.000000;0.030968;0.007046;0.041346
'Devel_HU_04';142.100000;0.030968;0.007046;0.041346
'Devel_HU_04';142.200000;0.030968;0.007046;0.041346
'Devel_HU_04';142.300000;0.030968;0.007046;0.041346
'Devel_HU_04';142.400000;0.030968;0.007046;0.041346
'Devel_HU_04';142.500000;0.030968;0.007046;0.041346
'Devel_HU_04';142.600000;0.030968;0.007046;0.041346
'Devel_HU_04';142.700000;0.030968;0.007046;0.041346
'Devel_HU_04';142.800000;0.030968;0.007046;0.041346
'Devel_HU_04';142.900000;0.030968;0.007046;0.041346
'Devel_HU_04';143.000000;0.030968;0.007046;0.041346
'Devel_HU_04';143.100000;0.030968;0.007046;0.041346
'Devel_HU_04';143.200000;0.030968;0.007046;0.041346
'Devel_HU_04';143.300000;0.030968;0.007046;0.041346
'Devel_HU_04';143.400000;0.030968;0.007046;0.041346
'Devel_HU_04';143.500000;0.030968;0.007046;0.041346
'Devel_HU_04';143.600000;0.030968;0.007046;0.041346
'Devel_HU_04';143.700000;0.030968;0.007046;0.041346
'Devel_HU_04';143.800000;0.030968;0.007046;0.041346
'Devel_HU_04';143.900000;0.030968;0.007046;0.041346
'Devel_HU_04';144.000000;0.030968;0.007046;0.041346
'Devel_HU_04';144.100000;0.030968;0.007046;0.041346
'Devel_HU_04';144.200000;0.030968;0.007046;0.041346
'Devel_HU_04';144.300000;0.030968;0.007046;0.041346
'Devel_HU_04';144.400000;0.030968;0.007046;0.041346
'Devel_HU_04';144.500000;0.030968;0.007046;0.041346
'Devel_HU_04';144.600000;0.030968;0.007046;0.041346
'Devel_HU_04';144.700000;0.030968;0.007046;0.041346
'Devel_HU_04';144.800000;0.030968;0.007046;0.041346
'Devel_HU_04';144.900000;0.030968;0.007046;0.041346
'Devel_HU_04';145.000000;0.030968;0.007046;0.041346
'Devel_HU_04';145.100000;0.030968;0.007046;0.041346
'Devel_HU_04';145.200000;0.030968;0.007046;0.041346
'Devel_HU_04';145.300000;0.030968;0.007046;0.041346
'Devel_HU_04';145.400000;0.030968;0.007046;0.041346
'Devel_HU_04';145.500000;0.030968;0.007046;0.041346
'Devel_HU_04';145.600000;0.030968;0.007046;0.041346
'Devel_HU_04';145.700000;0.030968;0.007046;0.041346
'Devel_HU_04';145.800000;0.030968;0.007046;0.041346
'Devel_HU_04';145.900000;0.030968;0.007046;0.041346
'Devel_HU_04';146.000000;0.030968;0.007046;0.041346
'Devel_HU_04';146.100000;0.030968;0.007046;0.041346
'Devel_HU_04';146.200000;0.030968;0.007046;0.041346
'Devel_HU_04';146.300000;0.030968;0.007046;0.041346
'Devel_HU_04';146.400000;0.030968;0.007046;0.041346
'Devel_HU_04';146.500000;0.030968;0.007046;0.041346
'Devel_HU_04';146.600000;0.030968;0.007046;0.041346
'Devel_HU_04';146.700000;0.030968;0.007046;0.041346
'Devel_HU_04';146.800000;0.030968;0.007046;0.041346
'Devel_HU_04';146.900000;0.030968;0.007046;0.041346
'Devel_HU_04';147.000000;0.030968;0.007046;0.041346
'Devel_HU_04';147.100000;0.030968;0.007046;0.041346
'Devel_HU_04';147.200000;0.030968;0.007046;0.041346
'Devel_HU_04';147.300000;0.030968;0.007046;0.041346
'Devel_HU_04';147.400000;0.030968;0.007046;0.041346
'Devel_HU_04';147.500000;0.030968;0.007046;0.041346
'Devel_HU_04';147.600000;0.030968;0.007046;0.041346
'Devel_HU_04';147.700000;0.030968;0.007046;0.041346
'Devel_HU_04';147.800000;0.030968;0.007046;0.041346
'Devel_HU_04';147.900000;0.030968;0.007046;0.041346
'Devel_HU_04';148.000000;0.030968;0.007046;0.041346
'Devel_HU_04';148.100000;0.030968;0.007046;0.041346
'Devel_HU_04';148.200000;0.030968;0.007046;0.041346
'Devel_HU_04';148.300000;0.030968;0.007046;0.041346
'Devel_HU_04';148.400000;0.030968;0.007046;0.041346
'Devel_HU_04';148.500000;0.030968;0.007046;0.041346
'Devel_HU_04';148.600000;0.030968;0.007046;0.041346
'Devel_HU_04';148.700000;0.030968;0.007046;0.041346
'Devel_HU_04';148.800000;0.030968;0.007046;0.041346
'Devel_HU_04';148.900000;0.030968;0.007046;0.041346
'Devel_HU_04';149.000000;0.030968;0.007046;0.041346
'Devel_HU_04';149.100000;0.030968;0.007046;0.041346
'Devel_HU_04';149.200000;0.030968;0.007046;0.041346
'Devel_HU_04';149.300000;0.030968;0.007046;0.041346
'Devel_HU_04';149.400000;0.030968;0.007046;0.041346
'Devel_HU_04';149.500000;0.030968;0.007046;0.041346
'Devel_HU_04';149.600000;0.030968;0.007046;0.041346
'Devel_HU_04';149.700000;0.030968;0.007046;0.041346
'Devel_HU_04';149.800000;0.030968;0.007046;0.041346
'Devel_HU_04';149.900000;0.030968;0.007046;0.041346
'Devel_HU_04';150.000000;0.030968;0.007046;0.041346
'Devel_HU_04';150.100000;0.030968;0.007046;0.041346
'Devel_HU_04';150.200000;0.030968;0.007046;0.041346
'Devel_HU_04';150.300000;0.030968;0.007046;0.041346
'Devel_HU_04';150.400000;0.030968;0.007046;0.041346
'Devel_HU_04';150.500000;0.030968;0.007046;0.041346
'Devel_HU_04';150.600000;0.030968;0.007046;0.041346
'Devel_HU_04';150.700000;0.030968;0.007046;0.041346
'Devel_HU_04';150.800000;0.030968;0.007046;0.041346
'Devel_HU_04';150.900000;0.030968;0.007046;0.041346
'Devel_HU_04';151.000000;0.030968;0.007046;0.041346
'Devel_HU_04';151.100000;0.030968;0.007046;0.041346
'Devel_HU_04';151.200000;0.030968;0.007046;0.041346
'Devel_HU_04';151.300000;0.030968;0.007046;0.041346
'Devel_HU_04';151.400000;0.030968;0.007046;0.041346
'Devel_HU_04';151.500000;0.030968;0.007046;0.041346
'Devel_HU_04';151.600000;0.030968;0.007046;0.041346
'Devel_HU_04';151.700000;0.030968;0.007046;0.041346
'Devel_HU_04';151.800000;0.030968;0.007046;0.041346
'Devel_HU_04';151.900000;0.030968;0.007046;0.041346
'Devel_HU_04';152.000000;0.030968;0.007046;0.041346
'Devel_HU_04';152.100000;0.030968;0.007046;0.041346
'Devel_HU_04';152.200000;0.030968;0.007046;0.041346
'Devel_HU_04';152.300000;0.030968;0.007046;0.041346
'Devel_HU_04';152.400000;0.030968;0.007046;0.041346
'Devel_HU_04';152.500000;0.030968;0.007046;0.041346
'Devel_HU_04';152.600000;0.030968;0.007046;0.041346
'Devel_HU_04';152.700000;0.030968;0.007046;0.041346
'Devel_HU_04';152.800000;0.030968;0.007046;0.041346
'Devel_HU_04';152.900000;0.030968;0.007046;0.041346
'Devel_HU_04';153.000000;0.030968;0.007046;0.041346
'Devel_HU_04';153.100000;0.030968;0.007046;0.041346
'Devel_HU_04';153.200000;0.030968;0.007046;0.041346
'Devel_HU_04';153.300000;0.030968;0.007046;0.041346
'Devel_HU_04';153.400000;0.030968;0.007046;0.041346
'Devel_HU_04';153.500000;0.030968;0.007046;0.041346
'Devel_HU_04';153.600000;0.030968;0.007046;0.041346
'Devel_HU_04';153.700000;0.030968;0.007046;0.041346
'Devel_HU_04';153.800000;0.030968;0.007046;0.041346
'Devel_HU_04';153.900000;0.030968;0.007046;0.041346
'Devel_HU_04';154.000000;0.030968;0.007046;0.041346
'Devel_HU_04';154.100000;0.030968;0.007046;0.041346
'Devel_HU_04';154.200000;0.030968;0.007046;0.041346
'Devel_HU_04';154.300000;0.030968;0.007046;0.041346
'Devel_HU_04';154.400000;0.030968;0.007046;0.041346
'Devel_HU_04';154.500000;0.030968;0.007046;0.041346
'Devel_HU_04';154.600000;0.030968;0.007046;0.041346
'Devel_HU_04';154.700000;0.030968;0.007046;0.041346
'Devel_HU_04';154.800000;0.030968;0.007046;0.041346
'Devel_HU_04';154.900000;0.030968;0.007046;0.041346
'Devel_HU_04';155.000000;0.030968;0.007046;0.041346
'Devel_HU_04';155.100000;0.030968;0.007046;0.041346
'Devel_HU_04';155.200000;0.030968;0.007046;0.041346
'Devel_HU_04';155.300000;0.030968;0.007046;0.041346
'Devel_HU_04';155.400000;0.030968;0.007046;0.041346
'Devel_HU_04';155.500000;0.030968;0.007046;0.041346
'Devel_HU_04';155.600000;0.030968;0.007046;0.041346
'Devel_HU_04';155.700000;0.030968;0.007046;0.041346
'Devel_HU_04';155.800000;0.030968;0.007046;0.041346
'Devel_HU_04';155.900000;0.030968;0.007046;0.041346
'Devel_HU_04';156.000000;0.030968;0.007046;0.041346
'Devel_HU_04';156.100000;0.030968;0.007046;0.041346
'Devel_HU_04';156.200000;0.030968;0.007046;0.041346
'Devel_HU_04';156.300000;0.030968;0.007046;0.041346
'Devel_HU_04';156.400000;0.030968;0.007046;0.041346
'Devel_HU_04';156.500000;0.030968;0.007046;0.041346
'Devel_HU_04';156.600000;0.030968;0.007046;0.041346
'Devel_HU_04';156.700000;0.030968;0.007046;0.041346
'Devel_HU_04';156.800000;0.030968;0.007046;0.041346
'Devel_HU_04';156.900000;0.030968;0.007046;0.041346
'Devel_HU_04';157.000000;0.030968;0.007046;0.041346
'Devel_HU_04';157.100000;0.030968;0.007046;0.041346
'Devel_HU_04';157.200000;0.030968;0.007046;0.041346
'Devel_HU_04';157.300000;0.030968;0.007046;0.041346
'Devel_HU_04';157.400000;0.030968;0.007046;0.041346
'Devel_HU_04';157.500000;0.030968;0.007046;0.041346
'Devel_HU_04';157.600000;0.030968;0.007046;0.041346
'Devel_HU_04';157.700000;0.030968;0.007046;0.041346
'Devel_HU_04';157.800000;0.030968;0.007046;0.041346
'Devel_HU_04';157.900000;0.030968;0.007046;0.041346
'Devel_HU_04';158.000000;0.030968;0.007046;0.041346
'Devel_HU_04';158.100000;0.030968;0.007046;0.041346
'Devel_HU_04';158.200000;0.030968;0.007046;0.041346
'Devel_HU_04';158.300000;0.030968;0.007046;0.041346
'Devel_HU_04';158.400000;0.030968;0.007046;0.041346
'Devel_HU_04';158.500000;0.030968;0.007046;0.041346
'Devel_HU_04';158.600000;0.030968;0.007046;0.041346
'Devel_HU_04';158.700000;0.030968;0.007046;0.041346
'Devel_HU_04';158.800000;0.030968;0.007046;0.041346
'Devel_HU_04';158.900000;0.030968;0.007046;0.041346
'Devel_HU_04';159.000000;0.030968;0.007046;0.041346
'Devel_HU_04';159.100000;0.030968;0.007046;0.041346
'Devel_HU_04';159.200000;0.030968;0.007046;0.041346
'Devel_HU_04';159.300000;0.030968;0.007046;0.041346
'Devel_HU_04';159.400000;0.030968;0.007046;0.041346
'Devel_HU_04';159.500000;0.030968;0.007046;0.041346
'Devel_HU_04';159.600000;0.030968;0.007046;0.041346
'Devel_HU_04';159.700000;0.030968;0.007046;0.041346
'Devel_HU_04';159.800000;0.030968;0.007046;0.041346
'Devel_HU_04';159.900000;0.030968;0.007046;0.041346
'Devel_HU_04';160.000000;0.030968;0.007046;0.041346
'Devel_HU_04';160.100000;0.030968;0.007046;0.041346
'Devel_HU_04';160.200000;0.030968;0.007046;0.041346
'Devel_HU_04';160.300000;0.030968;0.007046;0.041346
'Devel_HU_04';160.400000;0.030968;0.007046;0.041346
'Devel_HU_04';160.500000;0.030968;0.007046;0.041346
'Devel_HU_04';160.600000;0.030968;0.007046;0.041346
'Devel_HU_04';160.700000;0.030968;0.007046;0.041346
'Devel_HU_04';160.800000;0.030968;0.007046;0.041346
'Devel_HU_04';160.900000;0.030968;0.007046;0.041346
'Devel_HU_04';161.000000;0.030968;0.007046;0.041346
'Devel_HU_04';161.100000;0.030968;0.007046;0.041346
'Devel_HU_04';161.200000;0.030968;0.007046;0.041346
'Devel_HU_04';161.300000;0.030968;0.007046;0.041346
'Devel_HU_04';161.400000;0.030968;0.007046;0.041346
'Devel_HU_04';161.500000;0.030968;0.007046;0.041346
'Devel_HU_04';161.600000;0.030968;0.007046;0.041346
'Devel_HU_04';161.700000;0.030968;0.007046;0.041346
'Devel_HU_04';161.800000;0.030968;0.007046;0.041346
'Devel_HU_04';161.900000;0.030968;0.007046;0.041346
'Devel_HU_04';162.000000;0.030968;0.007046;0.041346
'Devel_HU_04';162.100000;0.030968;0.007046;0.041346
'Devel_HU_04';162.200000;0.030968;0.007046;0.041346
'Devel_HU_04';162.300000;0.030968;0.007046;0.041346
'Devel_HU_04';162.400000;0.030968;0.007046;0.041346
'Devel_HU_04';162.500000;0.030968;0.007046;0.041346
'Devel_HU_04';162.600000;0.030968;0.007046;0.041346
'Devel_HU_04';162.700000;0.030968;0.007046;0.041346
'Devel_HU_04';162.800000;0.030968;0.007046;0.041346
'Devel_HU_04';162.900000;0.030968;0.007046;0.041346
'Devel_HU_04';163.000000;0.030968;0.007046;0.041346
'Devel_HU_04';163.100000;0.030968;0.007046;0.041346
'Devel_HU_04';163.200000;0.030968;0.007046;0.041346
'Devel_HU_04';163.300000;0.030968;0.007046;0.041346
'Devel_HU_04';163.400000;0.030968;0.007046;0.041346
'Devel_HU_04';163.500000;0.030968;0.007046;0.041346
'Devel_HU_04';163.600000;0.030968;0.007046;0.041346
'Devel_HU_04';163.700000;0.030968;0.007046;0.041346
'Devel_HU_04';163.800000;0.030968;0.007046;0.041346
'Devel_HU_04';163.900000;0.030968;0.007046;0.041346
'Devel_HU_04';164.000000;0.030968;0.007046;0.041346
'Devel_HU_04';164.100000;0.030968;0.007046;0.041346
'Devel_HU_04';164.200000;0.030968;0.007046;0.041346
'Devel_HU_04';164.300000;0.030968;0.007046;0.041346
'Devel_HU_04';164.400000;0.030968;0.007046;0.041346
'Devel_HU_04';164.500000;0.030968;0.007046;0.041346
'Devel_HU_04';164.600000;0.030968;0.007046;0.041346
'Devel_HU_04';164.700000;0.030968;0.007046;0.041346
'Devel_HU_04';164.800000;0.030968;0.007046;0.041346
'Devel_HU_04';164.900000;0.030968;0.007046;0.041346
'Devel_HU_04';165.000000;0.030968;0.007046;0.041346
'Devel_HU_04';165.100000;0.030968;0.007046;0.041346
'Devel_HU_04';165.200000;0.030968;0.007046;0.041346
'Devel_HU_04';165.300000;0.030968;0.007046;0.041346
'Devel_HU_04';165.400000;0.030968;0.007046;0.041346
'Devel_HU_04';165.500000;0.030968;0.007046;0.041346
'Devel_HU_04';165.600000;0.030968;0.007046;0.041346
'Devel_HU_04';165.700000;0.030968;0.007046;0.041346
'Devel_HU_04';165.800000;0.030968;0.007046;0.041346
'Devel_HU_04';165.900000;0.030968;0.007046;0.041346
'Devel_HU_04';166.000000;0.030968;0.007046;0.041346
'Devel_HU_04';166.100000;0.030968;0.007046;0.041346
'Devel_HU_04';166.200000;0.030968;0.007046;0.041346
'Devel_HU_04';166.300000;0.030968;0.007046;0.041346
'Devel_HU_04';166.400000;0.030968;0.007046;0.041346
'Devel_HU_04';166.500000;0.030968;0.007046;0.041346
'Devel_HU_04';166.600000;0.030968;0.007046;0.041346
'Devel_HU_04';166.700000;0.030968;0.007046;0.041346
'Devel_HU_04';166.800000;0.030968;0.007046;0.041346
'Devel_HU_04';166.900000;0.030968;0.007046;0.041346
'Devel_HU_04';167.000000;0.030968;0.007046;0.041346
'Devel_HU_04';167.100000;0.030968;0.007046;0.041346
'Devel_HU_04';167.200000;0.030968;0.007046;0.041346
'Devel_HU_04';167.300000;0.030968;0.007046;0.041346
'Devel_HU_04';167.400000;0.030968;0.007046;0.041346
'Devel_HU_04';167.500000;0.030968;0.007046;0.041346
'Devel_HU_04';167.600000;0.030968;0.007046;0.041346
'Devel_HU_04';167.700000;0.030968;0.007046;0.041346
'Devel_HU_04';167.800000;0.030968;0.007046;0.041346
'Devel_HU_04';167.900000;0.030968;0.007046;0.041346
'Devel_HU_04';168.000000;0.030968;0.007046;0.041346
'Devel_HU_04';168.100000;0.030968;0.007046;0.041346
'Devel_HU_04';168.200000;0.030968;0.007046;0.041346
'Devel_HU_04';168.300000;0.030968;0.007046;0.041346
'Devel_HU_04';168.400000;0.030968;0.007046;0.041346
'Devel_HU_04';168.500000;0.030968;0.007046;0.041346
'Devel_HU_04';168.600000;0.030968;0.007046;0.041346
'Devel_HU_04';168.700000;0.030968;0.007046;0.041346
'Devel_HU_04';168.800000;0.030968;0.007046;0.041346
'Devel_HU_04';168.900000;0.030968;0.007046;0.041346
'Devel_HU_04';169.000000;0.030968;0.007046;0.041346
'Devel_HU_04';169.100000;0.030968;0.007046;0.041346
'Devel_HU_04';169.200000;0.030968;0.007046;0.041346
'Devel_HU_04';169.300000;0.030968;0.007046;0.041346
'Devel_HU_04';169.400000;0.030968;0.007046;0.041346
'Devel_HU_04';169.500000;0.030968;0.007046;0.041346
'Devel_HU_04';169.600000;0.030968;0.007046;0.041346
'Devel_HU_04';169.700000;0.030968;0.007046;0.041346
'Devel_HU_04';169.800000;0.030968;0.007046;0.041346
'Devel_HU_04';169.900000;0.030968;0.007046;0.041346
'Devel_HU_04';170.000000;0.030968;0.007046;0.041346
'Devel_HU_04';170.100000;0.030968;0.007046;0.041346
'Devel_HU_04';170.200000;0.030968;0.007046;0.041346
'Devel_HU_04';170.300000;0.030968;0.007046;0.041346
'Devel_HU_04';170.400000;0.030968;0.007046;0.041346
'Devel_HU_04';170.500000;0.030968;0.007046;0.041346
'Devel_HU_04';170.600000;0.030968;0.007046;0.041346
'Devel_HU_04';170.700000;0.030968;0.007046;0.041346
'Devel_HU_04';170.800000;0.030968;0.007046;0.041346
'Devel_HU_04';170.900000;0.030968;0.007046;0.041346
'Devel_HU_04';171.000000;0.030968;0.007046;0.041346
'Devel_HU_04';171.100000;0.030968;0.007046;0.041346
'Devel_HU_04';171.200000;0.030968;0.007046;0.041346
'Devel_HU_04';171.300000;0.030968;0.007046;0.041346
'Devel_HU_04';171.400000;0.030968;0.007046;0.041346
'Devel_HU_04';171.500000;0.030968;0.007046;0.041346
'Devel_HU_04';171.600000;0.030968;0.007046;0.041346
'Devel_HU_04';171.700000;0.030968;0.007046;0.041346
'Devel_HU_04';171.800000;0.030968;0.007046;0.041346
'Devel_HU_04';171.900000;0.030968;0.007046;0.041346
'Devel_HU_04';172.000000;0.030968;0.007046;0.041346
'Devel_HU_04';172.100000;0.030968;0.007046;0.041346
'Devel_HU_04';172.200000;0.030968;0.007046;0.041346
'Devel_HU_04';172.300000;0.030968;0.007046;0.041346
'Devel_HU_04';172.400000;0.030968;0.007046;0.041346
'Devel_HU_04';172.500000;0.030968;0.007046;0.041346
'Devel_HU_04';172.600000;0.030968;0.007046;0.041346
'Devel_HU_04';172.700000;0.030968;0.007046;0.041346
'Devel_HU_04';172.800000;0.030968;0.007046;0.041346
'Devel_HU_04';172.900000;0.030968;0.007046;0.041346
'Devel_HU_04';173.000000;0.030968;0.007046;0.041346
'Devel_HU_04';173.100000;0.030968;0.007046;0.041346
'Devel_HU_04';173.200000;0.030968;0.007046;0.041346
'Devel_HU_04';173.300000;0.030968;0.007046;0.041346
'Devel_HU_04';173.400000;0.030968;0.007046;0.041346
'Devel_HU_04';173.500000;0.030968;0.007046;0.041346
'Devel_HU_04';173.600000;0.030968;0.007046;0.041346
'Devel_HU_04';173.700000;0.030968;0.007046;0.041346
'Devel_HU_04';173.800000;0.030968;0.007046;0.041346
'Devel_HU_04';173.900000;0.030968;0.007046;0.041346
'Devel_HU_04';174.000000;0.030968;0.007046;0.041346
'Devel_HU_04';174.100000;0.030968;0.007046;0.041346
'Devel_HU_04';174.200000;0.030968;0.007046;0.041346
'Devel_HU_04';174.300000;0.030968;0.007046;0.041346
'Devel_HU_04';174.400000;0.030968;0.007046;0.041346
'Devel_HU_04';174.500000;0.030968;0.007046;0.041346
'Devel_HU_04';174.600000;0.030968;0.007046;0.041346
'Devel_HU_04';174.700000;0.030968;0.007046;0.041346
'Devel_HU_04';174.800000;0.030968;0.007046;0.041346
'Devel_HU_04';174.900000;0.030968;0.007046;0.041346
'Devel_HU_04';175.000000;0.030968;0.007046;0.041346
'Devel_HU_04';175.100000;0.030968;0.007046;0.041346
'Devel_HU_04';175.200000;0.030968;0.007046;0.041346
'Devel_HU_04';175.300000;0.030968;0.007046;0.041346
'Devel_HU_04';175.400000;0.030968;0.007046;0.041346
'Devel_HU_04';175.500000;0.030968;0.007046;0.041346
'Devel_HU_04';175.600000;0.030968;0.007046;0.041346
'Devel_HU_04';175.700000;0.030968;0.007046;0.041346
'Devel_HU_04';175.800000;0.030968;0.007046;0.041346
'Devel_HU_04';175.900000;0.030968;0.007046;0.041346
'Devel_HU_04';176.000000;0.030968;0.007046;0.041346
'Devel_HU_04';176.100000;0.030968;0.007046;0.041346
'Devel_HU_04';176.200000;0.030968;0.007046;0.041346
'Devel_HU_04';176.300000;0.030968;0.007046;0.041346
'Devel_HU_04';176.400000;0.030968;0.007046;0.041346
'Devel_HU_04';176.500000;0.030968;0.007046;0.041346
'Devel_HU_04';176.600000;0.030968;0.007046;0.041346
'Devel_HU_04';176.700000;0.030968;0.007046;0.041346
